packet_number,tsft,frame_name,frame_len,length,dbm_antsignal,channel_freq,type,subtype,ds,frag,retry,pwrmgt,moredata,protected,duration,label
1,,S1G Beacon,129,34,-66,920,3,1,,,,,,,0,0
2,,S1G Beacon,129,34,-10,920,3,1,,,,,,,0,1
3,,S1G Beacon,61,34,-66,920,3,1,,,,,,,0,0
4,,S1G Beacon,61,34,-12,920,3,1,,,,,,,0,1
5,,S1G Beacon,129,34,-66,920,3,1,,,,,,,0,0
6,,S1G Beacon,129,34,-11,920,3,1,,,,,,,0,1
7,,S1G Beacon,61,34,-66,920,3,1,,,,,,,0,0
9,,S1G Beacon,61,34,-12,920,3,1,,,,,,,0,1
10,,S1G Beacon,129,34,-69,920,3,1,,,,,,,0,0
14,,S1G Beacon,129,34,-10,920,3,1,,,,,,,0,1
28,,S1G Beacon,61,34,-67,920,3,1,,,,,,,0,0
33,,S1G Beacon,61,34,-10,920,3,1,,,,,,,0,1
36,,S1G Beacon,129,34,-66,920,3,1,,,,,,,0,0
37,,S1G Beacon,129,34,-10,920,3,1,,,,,,,0,1
39,,S1G Beacon,61,34,-67,920,3,1,,,,,,,0,0
40,,S1G Beacon,61,34,-10,920,3,1,,,,,,,0,1
42,,S1G Beacon,129,34,-67,920,3,1,,,,,,,0,0
43,,S1G Beacon,129,34,-12,920,3,1,,,,,,,0,1
44,,S1G Beacon,61,34,-68,920,3,1,,,,,,,0,0
45,,S1G Beacon,61,34,-11,920,3,1,,,,,,,0,1
46,,S1G Beacon,129,34,-67,920,3,1,,,,,,,0,0
47,,S1G Beacon,129,34,-10,920,3,1,,,,,,,0,1
49,,RTS,54,34,0,920,1,11,,,,0,0,0,2452,0
56,,S1G Beacon,61,34,-68,920,3,1,,,,,,,0,0
60,,S1G Beacon,61,34,-12,920,3,1,,,,,,,0,1
61,,S1G Beacon,129,34,-66,920,3,1,,,,,,,0,0
62,,S1G Beacon,129,34,-10,920,3,1,,,,,,,0,1
63,,S1G Beacon,61,34,-68,920,3,1,,,,,,,0,0
64,,S1G Beacon,61,34,-9,920,3,1,,,,,,,0,1
65,,S1G Beacon,129,34,-68,920,3,1,,,,,,,0,0
67,,S1G Beacon,129,34,-10,920,3,1,,,,,,,0,1
68,,S1G Beacon,61,34,-10,920,3,1,,,,,,,0,1
69,,S1G Beacon,129,34,-72,920,3,1,,,,,,,0,0
70,,S1G Beacon,129,34,-11,920,3,1,,,,,,,0,1
77,,S1G Beacon,61,34,-66,920,3,1,,,,,,,0,0
81,,S1G Beacon,61,34,-10,920,3,1,,,,,,,0,1
83,,S1G Beacon,129,34,-67,920,3,1,,,,,,,0,0
84,,S1G Beacon,129,34,-11,920,3,1,,,,,,,0,1
85,,S1G Beacon,61,34,-66,920,3,1,,,,,,,0,0
87,,S1G Beacon,61,34,-10,920,3,1,,,,,,,0,1
88,,S1G Beacon,129,34,-10,920,3,1,,,,,,,0,1
89,,S1G Beacon,61,34,-66,920,3,1,,,,,,,0,0
90,,S1G Beacon,61,34,-10,920,3,1,,,,,,,0,1
92,,S1G Beacon,129,34,-68,920,3,1,,,,,,,0,0
93,,S1G Beacon,129,34,-10,920,3,1,,,,,,,0,1
94,,S1G Beacon,61,34,-66,920,3,1,,,,,,,0,0
105,,S1G Beacon,61,34,-10,920,3,1,,,,,,,0,1
106,,S1G Beacon,129,34,-65,920,3,1,,,,,,,0,0
107,,S1G Beacon,129,34,-10,920,3,1,,,,,,,0,1
108,,S1G Beacon,61,34,-67,920,3,1,,,,,,,0,0
110,,S1G Beacon,61,34,-11,920,3,1,,,,,,,0,1
111,,S1G Beacon,129,34,-11,920,3,1,,,,,,,0,1
112,,S1G Beacon,61,34,-71,920,3,1,,,,,,,0,0
113,,S1G Beacon,61,34,-11,920,3,1,,,,,,,0,1
114,,S1G Beacon,129,34,-68,920,3,1,,,,,,,0,0
116,,S1G Beacon,129,34,-10,920,3,1,,,,,,,0,1
117,,S1G Beacon,61,34,-69,920,3,1,,,,,,,0,0
130,,S1G Beacon,129,34,-69,920,3,1,,,,,,,0,0
135,,S1G Beacon,129,34,-10,920,3,1,,,,,,,0,1
140,,S1G Beacon,61,34,-69,920,3,1,,,,,,,0,0
144,,S1G Beacon,129,34,-68,920,3,1,,,,,,,0,0
145,,S1G Beacon,129,34,-10,920,3,1,,,,,,,0,1
147,,S1G Beacon,61,34,-69,920,3,1,,,,,,,0,0
148,,S1G Beacon,61,34,-10,920,3,1,,,,,,,0,1
149,,S1G Beacon,129,34,-71,920,3,1,,,,,,,0,0
150,,S1G Beacon,129,34,-10,920,3,1,,,,,,,0,1
151,,S1G Beacon,61,34,-71,920,3,1,,,,,,,0,0
158,,S1G Beacon,61,34,-10,920,3,1,,,,,,,0,1
163,,S1G Beacon,129,34,-69,920,3,1,,,,,,,0,0
165,,S1G Beacon,129,34,-10,920,3,1,,,,,,,0,1
167,,S1G Beacon,61,34,-73,920,3,1,,,,,,,0,0
168,,S1G Beacon,61,34,-11,920,3,1,,,,,,,0,1
169,,S1G Beacon,129,34,-69,920,3,1,,,,,,,0,0
170,,S1G Beacon,129,34,-10,920,3,1,,,,,,,0,1
171,,S1G Beacon,61,34,-67,920,3,1,,,,,,,0,0
172,,S1G Beacon,61,34,-11,920,3,1,,,,,,,0,1
173,,S1G Beacon,129,34,-73,920,3,1,,,,,,,0,0
175,,S1G Beacon,129,34,-11,920,3,1,,,,,,,0,1
176,,S1G Beacon,61,34,-72,920,3,1,,,,,,,0,0
185,,S1G Beacon,129,34,-69,920,3,1,,,,,,,0,0
186,,S1G Beacon,129,34,-10,920,3,1,,,,,,,0,1
187,,S1G Beacon,61,34,-67,920,3,1,,,,,,,0,0
189,,S1G Beacon,61,34,-10,920,3,1,,,,,,,0,1
191,,S1G Beacon,129,34,-67,920,3,1,,,,,,,0,0
192,,S1G Beacon,129,34,-10,920,3,1,,,,,,,0,1
193,,S1G Beacon,61,34,-66,920,3,1,,,,,,,0,0
194,,S1G Beacon,61,34,-11,920,3,1,,,,,,,0,1
195,,S1G Beacon,129,34,-66,920,3,1,,,,,,,0,0
196,,S1G Beacon,129,34,-12,920,3,1,,,,,,,0,1
197,,S1G Beacon,61,34,-66,920,3,1,,,,,,,0,0
198,,S1G Beacon,61,34,-12,920,3,1,,,,,,,0,1
200,,RTS,54,34,0,920,1,11,,,,0,0,0,2452,0
202,,RTS,54,34,0,920,1,11,,,,0,0,0,2452,0
204,,RTS,54,34,0,920,1,11,,,,0,0,0,2488,0
206,,RTS,54,34,0,920,1,11,,,,0,0,0,2488,0
208,,RTS,54,34,0,920,1,11,,,,0,0,0,2596,0
210,,RTS,54,34,0,920,1,11,,,,0,0,0,2596,0
212,,QoS Null,64,34,0,920,2,12,1,0,0,0,0,0,720,0
214,,S1G Beacon,129,34,-66,920,3,1,,,,,,,0,0
215,,S1G Beacon,129,34,-11,920,3,1,,,,,,,0,1
217,,S1G Beacon,61,34,-66,920,3,1,,,,,,,0,0
225,,S1G Beacon,61,34,-11,920,3,1,,,,,,,0,1
229,,S1G Beacon,129,34,-66,920,3,1,,,,,,,0,0
230,,S1G Beacon,129,34,-10,920,3,1,,,,,,,0,1
231,,S1G Beacon,61,34,-65,920,3,1,,,,,,,0,0
233,,S1G Beacon,61,34,-10,920,3,1,,,,,,,0,1
234,,S1G Beacon,129,34,-65,920,3,1,,,,,,,0,0
235,,S1G Beacon,129,34,-10,920,3,1,,,,,,,0,1
236,,S1G Beacon,61,34,-66,920,3,1,,,,,,,0,0
238,,S1G Beacon,61,34,-10,920,3,1,,,,,,,0,1
239,,S1G Beacon,129,34,-67,920,3,1,,,,,,,0,0
240,,S1G Beacon,129,34,-10,920,3,1,,,,,,,0,1
243,,S1G Beacon,61,34,-73,920,3,1,,,,,,,0,0
245,,S1G Beacon,61,34,-10,920,3,1,,,,,,,0,1
258,,S1G Beacon,129,34,-68,920,3,1,,,,,,,0,0
262,,S1G Beacon,129,34,-10,920,3,1,,,,,,,0,1
267,,S1G Beacon,61,34,-10,920,3,1,,,,,,,0,1
268,,S1G Beacon,129,34,-71,920,3,1,,,,,,,0,0
270,,S1G Beacon,129,34,-9,920,3,1,,,,,,,0,1
272,,S1G Beacon,61,34,-74,920,3,1,,,,,,,0,0
273,,S1G Beacon,61,34,-11,920,3,1,,,,,,,0,1
274,,S1G Beacon,129,34,-68,920,3,1,,,,,,,0,0
276,,S1G Beacon,129,34,-10,920,3,1,,,,,,,0,1
277,,S1G Beacon,61,34,-68,920,3,1,,,,,,,0,0
278,,S1G Beacon,61,34,-10,920,3,1,,,,,,,0,1
287,,S1G Beacon,129,34,-71,920,3,1,,,,,,,0,0
289,,S1G Beacon,129,34,-11,920,3,1,,,,,,,0,1
290,,S1G Beacon,61,34,-68,920,3,1,,,,,,,0,0
291,,S1G Beacon,61,34,-10,920,3,1,,,,,,,0,1
292,,S1G Beacon,129,34,-65,920,3,1,,,,,,,0,0
293,,S1G Beacon,129,34,-10,920,3,1,,,,,,,0,1
294,,S1G Beacon,61,34,-67,920,3,1,,,,,,,0,0
295,,S1G Beacon,61,34,-9,920,3,1,,,,,,,0,1
297,,S1G Beacon,129,34,-66,920,3,1,,,,,,,0,0
298,,S1G Beacon,129,34,-10,920,3,1,,,,,,,0,1
300,,S1G Beacon,61,34,-65,920,3,1,,,,,,,0,0
301,,S1G Beacon,61,34,-11,920,3,1,,,,,,,0,1
302,,RTS,54,34,0,920,1,11,,,,0,0,0,2452,0
304,,RTS,54,34,0,920,1,11,,,,0,0,0,2488,0
306,,RTS,54,34,0,920,1,11,,,,0,0,0,2488,0
308,,RTS,54,34,0,920,1,11,,,,0,0,0,2596,0
309,,RTS,54,34,0,920,1,11,,,,0,0,0,2596,0
311,,RTS,54,34,0,920,1,11,,,,0,0,0,2596,0
313,,S1G Beacon,129,34,-64,920,3,1,,,,,,,0,0
314,,QoS Null,64,34,0,920,2,12,1,0,0,0,0,0,720,0
316,,S1G Beacon,129,34,-10,920,3,1,,,,,,,0,1
317,,S1G Beacon,61,34,-66,920,3,1,,,,,,,0,0
318,,RTS,54,34,0,920,1,11,,,,0,0,0,2452,0
320,,RTS,54,34,0,920,1,11,,,,0,0,0,2452,0
322,,RTS,54,34,0,920,1,11,,,,0,0,0,2488,0
324,,RTS,54,34,0,920,1,11,,,,0,0,0,2488,0
326,,RTS,54,34,0,920,1,11,,,,0,0,0,2596,0
328,,S1G Beacon,61,34,-10,920,3,1,,,,,,,0,1
329,,RTS,54,34,0,920,1,11,,,,0,0,0,2596,0
342,,S1G Beacon,129,34,-64,920,3,1,,,,,,,0,0
343,,S1G Beacon,129,34,-10,920,3,1,,,,,,,0,1
344,,S1G Beacon,61,34,-64,920,3,1,,,,,,,0,0
345,,S1G Beacon,61,34,-11,920,3,1,,,,,,,0,1
346,,S1G Beacon,129,34,-67,920,3,1,,,,,,,0,0
347,,S1G Beacon,129,34,-11,920,3,1,,,,,,,0,1
348,,S1G Beacon,61,34,-65,920,3,1,,,,,,,0,0
350,,S1G Beacon,61,34,-10,920,3,1,,,,,,,0,1
351,,S1G Beacon,129,34,-66,920,3,1,,,,,,,0,0
352,,S1G Beacon,129,34,-10,920,3,1,,,,,,,0,1
353,,S1G Beacon,61,34,-65,920,3,1,,,,,,,0,0
354,,S1G Beacon,61,34,-11,920,3,1,,,,,,,0,1
355,,RTS,54,34,0,920,1,11,,,,0,0,0,2416,0
362,,RTS,54,34,0,920,1,11,,,,0,0,0,2380,0
365,,RTS,54,34,0,920,1,11,,,,0,0,0,2416,0
368,,RTS,54,34,0,920,1,11,,,,0,0,0,2416,0
370,,RTS,54,34,0,920,1,11,,,,0,0,0,2488,0
372,,RTS,54,34,0,920,1,11,,,,0,0,0,2488,0
377,,S1G Beacon,129,34,-66,920,3,1,,,,,,,0,0
378,,S1G Beacon,129,34,-10,920,3,1,,,,,,,0,1
379,,S1G Beacon,61,34,-66,920,3,1,,,,,,,0,0
381,,S1G Beacon,61,34,-9,920,3,1,,,,,,,0,1
382,,S1G Beacon,129,34,-65,920,3,1,,,,,,,0,0
383,,S1G Beacon,129,34,-9,920,3,1,,,,,,,0,1
384,,S1G Beacon,61,34,-66,920,3,1,,,,,,,0,0
386,,S1G Beacon,61,34,-10,920,3,1,,,,,,,0,1
387,,S1G Beacon,129,34,-66,920,3,1,,,,,,,0,0
388,,S1G Beacon,129,34,-10,920,3,1,,,,,,,0,1
390,,S1G Beacon,61,34,-65,920,3,1,,,,,,,0,0
395,,S1G Beacon,61,34,-9,920,3,1,,,,,,,0,1
411,,S1G Beacon,129,34,-65,920,3,1,,,,,,,0,0
416,,S1G Beacon,129,34,-9,920,3,1,,,,,,,0,1
418,,S1G Beacon,61,34,-64,920,3,1,,,,,,,0,0
419,,S1G Beacon,61,34,-9,920,3,1,,,,,,,0,1
420,,S1G Beacon,129,34,-63,920,3,1,,,,,,,0,0
422,,S1G Beacon,129,34,-10,920,3,1,,,,,,,0,1
423,,S1G Beacon,61,34,-66,920,3,1,,,,,,,0,0
424,,S1G Beacon,61,34,-10,920,3,1,,,,,,,0,1
425,,S1G Beacon,129,34,-65,920,3,1,,,,,,,0,0
426,,S1G Beacon,129,34,-10,920,3,1,,,,,,,0,1
427,,S1G Beacon,61,34,-65,920,3,1,,,,,,,0,0
428,,S1G Beacon,61,34,-10,920,3,1,,,,,,,0,1
433,,S1G Beacon,129,34,-63,920,3,1,,,,,,,0,0
441,,S1G Beacon,129,34,-9,920,3,1,,,,,,,0,1
442,,S1G Beacon,61,34,-65,920,3,1,,,,,,,0,0
443,,S1G Beacon,61,34,-10,920,3,1,,,,,,,0,1
444,,S1G Beacon,129,34,-65,920,3,1,,,,,,,0,0
445,,S1G Beacon,129,34,-10,920,3,1,,,,,,,0,1
446,,S1G Beacon,61,34,-66,920,3,1,,,,,,,0,0
447,,S1G Beacon,61,34,-10,920,3,1,,,,,,,0,1
449,,S1G Beacon,129,34,-64,920,3,1,,,,,,,0,0
450,,S1G Beacon,129,34,-11,920,3,1,,,,,,,0,1
451,,S1G Beacon,61,34,-66,920,3,1,,,,,,,0,0
452,,S1G Beacon,61,34,-10,920,3,1,,,,,,,0,1
453,,S1G Beacon,129,34,-64,920,3,1,,,,,,,0,0
461,,RTS,54,34,0,920,1,11,,,,0,0,0,2380,0
463,,RTS,54,34,0,920,1,11,,,,0,0,0,2380,0
465,,RTS,54,34,0,920,1,11,,,,0,0,0,2416,0
467,,RTS,54,34,0,920,1,11,,,,0,0,0,2416,0
469,,RTS,54,34,0,920,1,11,,,,0,0,0,2488,0
471,,RTS,54,34,0,920,1,11,,,,0,0,0,2488,0
473,,S1G Beacon,61,34,-64,920,3,1,,,,,,,0,0
474,,S1G Beacon,61,34,-10,920,3,1,,,,,,,0,1
476,,QoS Null,64,34,-1,920,2,12,1,0,0,0,0,0,720,0
478,,S1G Beacon,129,34,-66,920,3,1,,,,,,,0,0
479,,S1G Beacon,129,34,-11,920,3,1,,,,,,,0,1
483,,RTS,54,34,0,920,1,11,,,,0,0,0,2380,0
488,,S1G Beacon,61,34,-64,920,3,1,,,,,,,0,0
489,,S1G Beacon,61,34,-10,920,3,1,,,,,,,0,1
492,,S1G Beacon,129,34,-64,920,3,1,,,,,,,0,0
493,,S1G Beacon,129,34,-9,920,3,1,,,,,,,0,1
495,,S1G Beacon,61,34,-65,920,3,1,,,,,,,0,0
497,,S1G Beacon,61,34,-11,920,3,1,,,,,,,0,1
498,,S1G Beacon,129,34,-64,920,3,1,,,,,,,0,0
506,,S1G Beacon,129,34,-9,920,3,1,,,,,,,0,1
511,,S1G Beacon,61,34,-64,920,3,1,,,,,,,0,0
514,,S1G Beacon,61,34,-9,920,3,1,,,,,,,0,1
515,,S1G Beacon,129,34,-66,920,3,1,,,,,,,0,0
516,,S1G Beacon,129,34,-10,920,3,1,,,,,,,0,1
518,,S1G Beacon,61,34,-66,920,3,1,,,,,,,0,0
519,,S1G Beacon,61,34,-9,920,3,1,,,,,,,0,1
520,,S1G Beacon,129,34,-65,920,3,1,,,,,,,0,0
521,,S1G Beacon,129,34,-10,920,3,1,,,,,,,0,1
522,,S1G Beacon,61,34,-64,920,3,1,,,,,,,0,0
523,,S1G Beacon,61,34,-11,920,3,1,,,,,,,0,1
524,,S1G Beacon,129,34,-65,920,3,1,,,,,,,0,0
525,,RTS,54,34,0,920,1,11,,,,0,0,0,2416,0
528,,RTS,54,34,0,920,1,11,,,,0,0,0,2416,0
536,,S1G Beacon,129,34,-9,920,3,1,,,,,,,0,1
544,,S1G Beacon,61,34,-66,920,3,1,,,,,,,0,0
550,,S1G Beacon,61,34,-8,920,3,1,,,,,,,0,1
555,,S1G Beacon,129,34,-65,920,3,1,,,,,,,0,0
557,,S1G Beacon,129,34,-9,920,3,1,,,,,,,0,1
558,,S1G Beacon,61,34,-65,920,3,1,,,,,,,0,0
559,,S1G Beacon,61,34,-10,920,3,1,,,,,,,0,1
560,,S1G Beacon,129,34,-66,920,3,1,,,,,,,0,0
563,,S1G Beacon,129,34,-10,920,3,1,,,,,,,0,1
564,,S1G Beacon,61,34,-66,920,3,1,,,,,,,0,0
565,,S1G Beacon,61,34,-10,920,3,1,,,,,,,0,1
566,,S1G Beacon,129,34,-65,920,3,1,,,,,,,0,0
567,,S1G Beacon,129,34,-10,920,3,1,,,,,,,0,1
574,,RTS,54,34,0,920,1,11,,,,0,0,0,2380,0
579,,S1G Beacon,61,34,-10,920,3,1,,,,,,,0,1
581,,S1G Beacon,129,34,-65,920,3,1,,,,,,,0,0
582,,S1G Beacon,129,34,-10,920,3,1,,,,,,,0,1
583,,S1G Beacon,61,34,-67,920,3,1,,,,,,,0,0
584,,S1G Beacon,61,34,-9,920,3,1,,,,,,,0,1
585,,S1G Beacon,129,34,-65,920,3,1,,,,,,,0,0
586,,S1G Beacon,129,34,-10,920,3,1,,,,,,,0,1
587,,S1G Beacon,61,34,-65,920,3,1,,,,,,,0,0
588,,S1G Beacon,61,34,-10,920,3,1,,,,,,,0,1
590,,S1G Beacon,129,34,-65,920,3,1,,,,,,,0,0
591,,S1G Beacon,129,34,-9,920,3,1,,,,,,,0,1
598,,RTS,54,34,0,920,1,11,,,,0,0,0,2380,0
603,,S1G Beacon,61,34,-65,920,3,1,,,,,,,0,0
604,,S1G Beacon,61,34,-9,920,3,1,,,,,,,0,1
605,,S1G Beacon,129,34,-64,920,3,1,,,,,,,0,0
606,,S1G Beacon,129,34,-10,920,3,1,,,,,,,0,1
607,,S1G Beacon,61,34,-65,920,3,1,,,,,,,0,0
609,,S1G Beacon,61,34,-11,920,3,1,,,,,,,0,1
610,,S1G Beacon,129,34,-65,920,3,1,,,,,,,0,0
611,,S1G Beacon,129,34,-10,920,3,1,,,,,,,0,1
613,,S1G Beacon,61,34,-65,920,3,1,,,,,,,0,0
614,,S1G Beacon,61,34,-10,920,3,1,,,,,,,0,1
615,,S1G Beacon,129,34,-64,920,3,1,,,,,,,0,0
617,,S1G Beacon,129,34,-11,920,3,1,,,,,,,0,1
622,,RTS,54,34,0,920,1,11,,,,0,0,0,2380,0
628,,RTS,54,34,0,920,1,11,,,,0,0,0,2380,0
630,,RTS,54,34,0,920,1,11,,,,0,0,0,2380,0
632,,RTS,54,34,0,920,1,11,,,,0,0,0,2416,0
634,,RTS,54,34,0,920,1,11,,,,0,0,0,2416,0
637,,RTS,54,34,0,920,1,11,,,,0,0,0,2488,0
641,,S1G Beacon,61,34,-65,920,3,1,,,,,,,0,0
643,,S1G Beacon,61,34,-11,920,3,1,,,,,,,0,1
644,,S1G Beacon,129,34,-64,920,3,1,,,,,,,0,0
645,,S1G Beacon,129,34,-10,920,3,1,,,,,,,0,1
646,,S1G Beacon,61,34,-64,920,3,1,,,,,,,0,0
647,,S1G Beacon,61,34,-10,920,3,1,,,,,,,0,1
648,,S1G Beacon,129,34,-65,920,3,1,,,,,,,0,0
649,,S1G Beacon,129,34,-9,920,3,1,,,,,,,0,1
651,,S1G Beacon,61,34,-64,920,3,1,,,,,,,0,0
653,,S1G Beacon,61,34,-10,920,3,1,,,,,,,0,1
654,,S1G Beacon,129,34,-64,920,3,1,,,,,,,0,0
655,,S1G Beacon,129,34,-12,920,3,1,,,,,,,0,1
668,,S1G Beacon,61,34,-65,920,3,1,,,,,,,0,0
672,,S1G Beacon,61,34,-10,920,3,1,,,,,,,0,1
673,,S1G Beacon,129,34,-65,920,3,1,,,,,,,0,0
681,,S1G Beacon,61,34,-65,920,3,1,,,,,,,0,0
684,,S1G Beacon,61,34,-11,920,3,1,,,,,,,0,1
689,,S1G Beacon,129,34,-65,920,3,1,,,,,,,0,0
690,,S1G Beacon,129,34,-9,920,3,1,,,,,,,0,1
691,,S1G Beacon,61,34,-64,920,3,1,,,,,,,0,0
692,,S1G Beacon,61,34,-10,920,3,1,,,,,,,0,1
693,,S1G Beacon,129,34,-65,920,3,1,,,,,,,0,0
695,,S1G Beacon,129,34,-11,920,3,1,,,,,,,0,1
696,,RTS,54,34,0,920,1,11,,,,0,0,0,2416,0
708,,S1G Beacon,61,34,-11,920,3,1,,,,,,,0,1
709,,S1G Beacon,129,34,-65,920,3,1,,,,,,,0,0
710,,S1G Beacon,129,34,-9,920,3,1,,,,,,,0,1
712,,S1G Beacon,61,34,-64,920,3,1,,,,,,,0,0
713,,S1G Beacon,61,34,-10,920,3,1,,,,,,,0,1
715,,S1G Beacon,129,34,-64,920,3,1,,,,,,,0,0
717,,S1G Beacon,129,34,-10,920,3,1,,,,,,,0,1
718,,S1G Beacon,61,34,-65,920,3,1,,,,,,,0,0
719,,S1G Beacon,61,34,-10,920,3,1,,,,,,,0,1
720,,S1G Beacon,129,34,-64,920,3,1,,,,,,,0,0
721,,S1G Beacon,129,34,-10,920,3,1,,,,,,,0,1
722,,S1G Beacon,61,34,-66,920,3,1,,,,,,,0,0
732,,S1G Beacon,61,34,-11,920,3,1,,,,,,,0,1
734,,S1G Beacon,129,34,-64,920,3,1,,,,,,,0,0
735,,S1G Beacon,129,34,-11,920,3,1,,,,,,,0,1
736,,S1G Beacon,61,34,-65,920,3,1,,,,,,,0,0
737,,S1G Beacon,129,34,-65,920,3,1,,,,,,,0,0
738,,S1G Beacon,129,34,-10,920,3,1,,,,,,,0,1
739,,S1G Beacon,61,34,-67,920,3,1,,,,,,,0,0
741,,S1G Beacon,129,34,-67,920,3,1,,,,,,,0,0
743,,S1G Beacon,129,34,-10,920,3,1,,,,,,,0,1
744,,S1G Beacon,61,34,-67,920,3,1,,,,,,,0,0
755,,S1G Beacon,61,34,-11,920,3,1,,,,,,,0,1
756,,S1G Beacon,129,34,-66,920,3,1,,,,,,,0,0
757,,S1G Beacon,129,34,-10,920,3,1,,,,,,,0,1
759,,S1G Beacon,61,34,-67,920,3,1,,,,,,,0,0
760,,S1G Beacon,61,34,-10,920,3,1,,,,,,,0,1
761,,S1G Beacon,129,34,-66,920,3,1,,,,,,,0,0
762,,S1G Beacon,129,34,-11,920,3,1,,,,,,,0,1
763,,S1G Beacon,61,34,-66,920,3,1,,,,,,,0,0
764,,S1G Beacon,61,34,-11,920,3,1,,,,,,,0,1
765,,S1G Beacon,129,34,-66,920,3,1,,,,,,,0,0
766,,S1G Beacon,129,34,-11,920,3,1,,,,,,,0,1
768,,S1G Beacon,61,34,-66,920,3,1,,,,,,,0,0
769,,S1G Beacon,61,34,-11,920,3,1,,,,,,,0,1
777,,S1G Beacon,129,34,-66,920,3,1,,,,,,,0,0
778,,S1G Beacon,129,34,-11,920,3,1,,,,,,,0,1
779,,S1G Beacon,61,34,-66,920,3,1,,,,,,,0,0
782,,S1G Beacon,129,34,-66,920,3,1,,,,,,,0,0
787,,S1G Beacon,129,34,-9,920,3,1,,,,,,,0,1
792,,S1G Beacon,61,34,-66,920,3,1,,,,,,,0,0
797,,S1G Beacon,129,34,-66,920,3,1,,,,,,,0,0
798,,S1G Beacon,129,34,-10,920,3,1,,,,,,,0,1
799,,S1G Beacon,61,34,-66,920,3,1,,,,,,,0,0
800,,S1G Beacon,61,34,-9,920,3,1,,,,,,,0,1
810,,S1G Beacon,129,34,-66,920,3,1,,,,,,,0,0
811,,S1G Beacon,129,34,-9,920,3,1,,,,,,,0,1
812,,S1G Beacon,61,34,-66,920,3,1,,,,,,,0,0
813,,S1G Beacon,61,34,-10,920,3,1,,,,,,,0,1
814,,S1G Beacon,129,34,-65,920,3,1,,,,,,,0,0
815,,S1G Beacon,129,34,-10,920,3,1,,,,,,,0,1
816,,S1G Beacon,61,34,-68,920,3,1,,,,,,,0,0
817,,S1G Beacon,61,34,-13,920,3,1,,,,,,,0,1
819,,S1G Beacon,129,34,-67,920,3,1,,,,,,,0,0
820,,S1G Beacon,129,34,-10,920,3,1,,,,,,,0,1
822,,S1G Beacon,61,34,-11,920,3,1,,,,,,,0,1
832,,S1G Beacon,129,34,-69,920,3,1,,,,,,,0,0
833,,S1G Beacon,129,34,-10,920,3,1,,,,,,,0,1
834,,S1G Beacon,61,34,-73,920,3,1,,,,,,,0,0
836,,S1G Beacon,61,34,-12,920,3,1,,,,,,,0,1
837,,S1G Beacon,129,34,-67,920,3,1,,,,,,,0,0
838,,S1G Beacon,129,34,-12,920,3,1,,,,,,,0,1
839,,S1G Beacon,61,34,-67,920,3,1,,,,,,,0,0
841,,S1G Beacon,61,34,-12,920,3,1,,,,,,,0,1
842,,S1G Beacon,129,34,-68,920,3,1,,,,,,,0,0
843,,S1G Beacon,129,34,-10,920,3,1,,,,,,,0,1
846,,S1G Beacon,61,34,-68,920,3,1,,,,,,,0,0
847,,S1G Beacon,61,34,-12,920,3,1,,,,,,,0,1
854,,S1G Beacon,129,34,-67,920,3,1,,,,,,,0,0
857,,S1G Beacon,129,34,-12,920,3,1,,,,,,,0,1
859,,S1G Beacon,61,34,-66,920,3,1,,,,,,,0,0
860,,S1G Beacon,61,34,-11,920,3,1,,,,,,,0,1
861,,S1G Beacon,129,34,-64,920,3,1,,,,,,,0,0
863,,S1G Beacon,61,34,-66,920,3,1,,,,,,,0,0
864,,S1G Beacon,61,34,-11,920,3,1,,,,,,,0,1
865,,S1G Beacon,129,34,-66,920,3,1,,,,,,,0,0
866,,S1G Beacon,129,34,-12,920,3,1,,,,,,,0,1
867,,S1G Beacon,61,34,-66,920,3,1,,,,,,,0,0
868,,S1G Beacon,61,34,-10,920,3,1,,,,,,,0,1
874,,S1G Beacon,129,34,-66,920,3,1,,,,,,,0,0
879,,S1G Beacon,129,34,-10,920,3,1,,,,,,,0,1
880,,S1G Beacon,61,34,-66,920,3,1,,,,,,,0,0
881,,S1G Beacon,61,34,-10,920,3,1,,,,,,,0,1
882,,S1G Beacon,129,34,-66,920,3,1,,,,,,,0,0
883,,S1G Beacon,129,34,-10,920,3,1,,,,,,,0,1
884,,S1G Beacon,61,34,-64,920,3,1,,,,,,,0,0
886,,S1G Beacon,61,34,-11,920,3,1,,,,,,,0,1
891,,S1G Beacon,129,34,-68,920,3,1,,,,,,,0,0
900,,S1G Beacon,129,34,-11,920,3,1,,,,,,,0,1
910,,S1G Beacon,61,34,-66,920,3,1,,,,,,,0,0
912,,S1G Beacon,61,34,-10,920,3,1,,,,,,,0,1
913,,S1G Beacon,129,34,-64,920,3,1,,,,,,,0,0
918,,RTS,54,34,0,920,1,11,,,,0,0,0,2380,0
924,,RTS,54,34,0,920,1,11,,,,0,0,0,2380,0
926,,RTS,54,34,0,920,1,11,,,,0,0,0,2380,0
931,,S1G Beacon,129,34,-10,920,3,1,,,,,,,0,1
932,,S1G Beacon,61,34,-65,920,3,1,,,,,,,0,0
933,,S1G Beacon,61,34,-10,920,3,1,,,,,,,0,1
936,,S1G Beacon,129,34,-66,920,3,1,,,,,,,0,0
937,,Deauthentication,64,34,-61,920,0,12,0,0,0,0,0,0,0,0
938,,S1G Beacon,129,34,-10,920,3,1,,,,,,,0,1
939,,S1G Beacon,61,34,-10,920,3,1,,,,,,,0,1
940,,S1G Beacon,129,34,-10,920,3,1,,,,,,,0,1
942,,S1G Beacon,61,34,-64,920,3,1,,,,,,,0,0
943,,S1G Beacon,61,34,-11,920,3,1,,,,,,,0,1
944,,Probe Request,81,34,0,920,0,4,0,0,0,0,0,0,0,0
945,,Probe Response,161,34,-12,920,0,5,0,0,1,0,0,0,720,1
947,,Probe Response,168,34,-64,920,0,5,0,0,1,0,0,0,720,0
949,,S1G Beacon,129,34,-65,920,3,1,,,,,,,0,0
950,,S1G Beacon,129,34,-10,920,3,1,,,,,,,0,1
951,,S1G Beacon,61,34,-66,920,3,1,,,,,,,0,0
952,,S1G Beacon,61,34,-11,920,3,1,,,,,,,0,1
953,,S1G Beacon,129,34,-65,920,3,1,,,,,,,0,0
954,,S1G Beacon,129,34,-10,920,3,1,,,,,,,0,1
955,,Authentication,68,34,0,920,0,11,0,0,0,0,0,0,720,1
957,,Authentication,68,34,-12,920,0,11,0,0,0,0,0,0,720,1
959,,Association Request,124,34,0,920,0,0,0,0,0,0,0,0,720,1
961,,Association Response,155,34,-11,920,0,1,0,0,0,0,0,0,720,1
963,,S1G Beacon,61,34,-65,920,3,1,,,,,,,0,0
964,,Action,71,34,0,920,0,13,0,0,0,0,0,0,720,1
966,,Action,71,34,-11,920,0,13,0,0,0,0,0,0,720,1
975,,S1G Beacon,61,34,-13,920,3,1,,,,,,,0,1
977,,S1G Beacon,129,34,-65,920,3,1,,,,,,,0,0
978,,S1G Beacon,129,34,-10,920,3,1,,,,,,,0,1
979,,S1G Beacon,61,34,-63,920,3,1,,,,,,,0,0
980,,S1G Beacon,61,34,-11,920,3,1,,,,,,,0,1
983,,S1G Beacon,129,34,-63,920,3,1,,,,,,,0,0
984,,S1G Beacon,129,34,-11,920,3,1,,,,,,,0,1
988,,S1G Beacon,61,34,-65,920,3,1,,,,,,,0,0
989,,S1G Beacon,61,34,-11,920,3,1,,,,,,,0,1
990,,S1G Beacon,129,34,-66,920,3,1,,,,,,,0,0
991,,S1G Beacon,129,34,-9,920,3,1,,,,,,,0,1
992,,S1G Beacon,61,34,-67,920,3,1,,,,,,,0,0
993,,S1G Beacon,61,34,-11,920,3,1,,,,,,,0,1
994,,S1G Beacon,129,34,-66,920,3,1,,,,,,,0,0
995,,S1G Beacon,129,34,-10,920,3,1,,,,,,,0,1
999,,S1G Beacon,61,34,-66,920,3,1,,,,,,,0,0
1000,,S1G Beacon,61,34,-10,920,3,1,,,,,,,0,1
1004,,S1G Beacon,129,34,-66,920,3,1,,,,,,,0,0
1005,,Probe Request,81,34,-1,920,0,4,0,0,0,0,0,0,0,0
1006,,Probe Response,161,34,-10,920,0,5,0,0,0,0,0,0,720,1
1008,,Probe Response,168,34,-65,920,0,5,0,0,0,0,0,0,720,0
1010,,S1G Beacon,129,34,-10,920,3,1,,,,,,,0,1
1011,,S1G Beacon,61,34,-65,920,3,1,,,,,,,0,0
1012,,S1G Beacon,61,34,-11,920,3,1,,,,,,,0,1
1013,,S1G Beacon,129,34,-67,920,3,1,,,,,,,0,0
1015,,S1G Beacon,129,34,-10,920,3,1,,,,,,,0,1
1016,,S1G Beacon,61,34,-66,920,3,1,,,,,,,0,0
1017,,S1G Beacon,61,34,-10,920,3,1,,,,,,,0,1
1018,,Authentication,68,34,0,920,0,11,0,0,0,0,0,0,720,1
1020,,Authentication,68,34,-10,920,0,11,0,0,0,0,0,0,720,1
1021,,Association Request,124,34,-2,920,0,0,0,0,0,0,0,0,720,1
1022,,Association Request,124,34,-49,920,0,0,0,0,1,0,0,0,720,1
1023,,Association Response,155,34,-11,920,0,1,0,0,0,0,0,0,720,1
1025,,Action,71,34,0,920,0,13,0,0,0,0,0,0,720,1
1027,,Action,71,34,-10,920,0,13,0,0,0,0,0,0,720,1
1035,,S1G Beacon,129,34,-67,920,3,1,,,,,,,0,0
1040,,S1G Beacon,129,34,-10,920,3,1,,,,,,,0,1
1041,,S1G Beacon,61,34,-65,920,3,1,,,,,,,0,0
1044,,S1G Beacon,61,34,-10,920,3,1,,,,,,,0,1
1054,,S1G Beacon,129,34,-67,920,3,1,,,,,,,0,0
1059,,S1G Beacon,129,34,-11,920,3,1,,,,,,,0,1
1063,,S1G Beacon,61,34,-65,920,3,1,,,,,,,0,0
1067,,S1G Beacon,61,34,-10,920,3,1,,,,,,,0,1
1070,,S1G Beacon,129,34,-64,920,3,1,,,,,,,0,0
1072,,S1G Beacon,129,34,-9,920,3,1,,,,,,,0,1
1075,,S1G Beacon,61,34,-66,920,3,1,,,,,,,0,0
1077,,S1G Beacon,61,34,-10,920,3,1,,,,,,,0,1
1083,,S1G Beacon,129,34,-67,920,3,1,,,,,,,0,0
1084,,S1G Beacon,129,34,-10,920,3,1,,,,,,,0,1
1085,,S1G Beacon,61,34,-66,920,3,1,,,,,,,0,0
1088,,S1G Beacon,61,34,-9,920,3,1,,,,,,,0,1
1091,,S1G Beacon,129,34,-66,920,3,1,,,,,,,0,0
1092,,S1G Beacon,129,34,-11,920,3,1,,,,,,,0,1
1093,,S1G Beacon,61,34,-65,920,3,1,,,,,,,0,0
1097,,S1G Beacon,61,34,-11,920,3,1,,,,,,,0,1
1098,,S1G Beacon,129,34,-67,920,3,1,,,,,,,0,0
1099,,S1G Beacon,129,34,-11,920,3,1,,,,,,,0,1
1102,,S1G Beacon,61,34,-67,920,3,1,,,,,,,0,0
1103,,S1G Beacon,61,34,-10,920,3,1,,,,,,,0,1
1104,,S1G Beacon,129,34,-11,920,3,1,,,,,,,0,1
1106,,RTS,54,34,0,920,1,11,,,,0,0,0,2380,0
1115,,S1G Beacon,61,34,-70,920,3,1,,,,,,,0,0
1116,,S1G Beacon,61,34,-9,920,3,1,,,,,,,0,1
1117,,S1G Beacon,129,34,-71,920,3,1,,,,,,,0,0
1118,,S1G Beacon,129,34,-10,920,3,1,,,,,,,0,1
1121,,S1G Beacon,61,34,-67,920,3,1,,,,,,,0,0
1122,,S1G Beacon,61,34,-10,920,3,1,,,,,,,0,1
1123,,S1G Beacon,129,34,-68,920,3,1,,,,,,,0,0
1127,,S1G Beacon,129,34,-11,920,3,1,,,,,,,0,1
1129,,S1G Beacon,61,34,-66,920,3,1,,,,,,,0,0
1130,,S1G Beacon,61,34,-11,920,3,1,,,,,,,0,1
1132,,S1G Beacon,129,34,-68,920,3,1,,,,,,,0,0
1135,,S1G Beacon,129,34,-9,920,3,1,,,,,,,0,1
1136,,S1G Beacon,61,34,-68,920,3,1,,,,,,,0,0
1137,,S1G Beacon,61,34,-9,920,3,1,,,,,,,0,1
1138,,S1G Beacon,129,34,-66,920,3,1,,,,,,,0,0
1139,,RTS,54,34,0,920,1,11,,,,0,0,0,2416,0
1141,,RTS,54,34,0,920,1,11,,,,0,0,0,2416,0
1143,,RTS,54,34,0,920,1,11,,,,0,0,0,2416,0
1146,,RTS,54,34,0,920,1,11,,,,0,0,0,2416,0
1148,,RTS,54,34,0,920,1,11,,,,0,0,0,2524,0
1152,,S1G Beacon,129,34,-10,920,3,1,,,,,,,0,1
1153,,S1G Beacon,61,34,-69,920,3,1,,,,,,,0,0
1154,,S1G Beacon,61,34,-10,920,3,1,,,,,,,0,1
1157,,S1G Beacon,129,34,-66,920,3,1,,,,,,,0,0
1158,,S1G Beacon,129,34,-12,920,3,1,,,,,,,0,1
1159,,S1G Beacon,61,34,-68,920,3,1,,,,,,,0,0
1161,,S1G Beacon,61,34,-9,920,3,1,,,,,,,0,1
1162,,S1G Beacon,129,34,-67,920,3,1,,,,,,,0,0
1166,,S1G Beacon,129,34,-9,920,3,1,,,,,,,0,1
1168,,RTS,54,34,0,920,1,11,,,,0,0,0,2668,0
1172,,S1G Beacon,61,34,-69,920,3,1,,,,,,,0,0
1173,,S1G Beacon,61,34,-9,920,3,1,,,,,,,0,1
1174,,S1G Beacon,129,34,-68,920,3,1,,,,,,,0,0
1175,,S1G Beacon,129,34,-10,920,3,1,,,,,,,0,1
1184,,RTS,54,34,0,920,1,11,,,,0,0,0,2480,0
1188,,S1G Beacon,61,34,-10,920,3,1,,,,,,,0,1
1194,,S1G Beacon,129,34,-68,920,3,1,,,,,,,0,0
1199,,S1G Beacon,129,34,-10,920,3,1,,,,,,,0,1
1202,,S1G Beacon,61,34,-68,920,3,1,,,,,,,0,0
1203,,S1G Beacon,61,34,-10,920,3,1,,,,,,,0,1
1204,,S1G Beacon,129,34,-69,920,3,1,,,,,,,0,0
1205,,S1G Beacon,129,34,-9,920,3,1,,,,,,,0,1
1208,,S1G Beacon,61,34,-67,920,3,1,,,,,,,0,0
1210,,S1G Beacon,61,34,-9,920,3,1,,,,,,,0,1
1211,,S1G Beacon,129,34,-66,920,3,1,,,,,,,0,0
1214,,S1G Beacon,129,34,-10,920,3,1,,,,,,,0,1
1215,,S1G Beacon,61,34,-65,920,3,1,,,,,,,0,0
1216,,S1G Beacon,61,34,-10,920,3,1,,,,,,,0,1
1218,,S1G Beacon,129,34,-67,920,3,1,,,,,,,0,0
1219,,RTS,54,34,0,920,1,11,,,,0,0,0,2440,0
1221,,RTS,54,34,0,920,1,11,,,,0,0,0,2440,0
1222,,RTS,54,34,0,920,1,11,,,,0,0,0,2440,0
1224,,RTS,54,34,0,920,1,11,,,,0,0,0,2560,0
1227,,RTS,54,34,0,920,1,11,,,,0,0,0,2560,0
1229,,RTS,54,34,0,920,1,11,,,,0,0,0,2720,0
1233,,QoS Null,64,34,0,920,2,12,1,0,0,0,0,0,720,1
1234,,S1G Beacon,129,34,-12,920,3,1,,,,,,,0,1
1236,,S1G Beacon,61,34,-66,920,3,1,,,,,,,0,0
1238,,S1G Beacon,61,34,-10,920,3,1,,,,,,,0,1
1240,,S1G Beacon,129,34,-69,920,3,1,,,,,,,0,0
1241,,S1G Beacon,129,34,-11,920,3,1,,,,,,,0,1
1242,,S1G Beacon,61,34,-66,920,3,1,,,,,,,0,0
1243,,S1G Beacon,61,34,-11,920,3,1,,,,,,,0,1
1244,,RTS,54,34,0,920,1,11,,,,0,0,0,2668,0
1246,,RTS,54,34,0,920,1,11,,,,0,0,0,2668,0
1248,,RTS,54,34,0,920,1,11,,,,0,0,0,2848,0
1252,,S1G Beacon,129,34,-65,920,3,1,,,,,,,0,0
1253,,S1G Beacon,129,34,-10,920,3,1,,,,,,,0,1
1255,,S1G Beacon,61,34,-65,920,3,1,,,,,,,0,0
1256,,S1G Beacon,61,34,-10,920,3,1,,,,,,,0,1
1259,,S1G Beacon,129,34,-65,920,3,1,,,,,,,0,0
1260,,S1G Beacon,61,34,-68,920,3,1,,,,,,,0,0
1261,,S1G Beacon,61,34,-10,920,3,1,,,,,,,0,1
1264,,S1G Beacon,129,34,-66,920,3,1,,,,,,,0,0
1265,,S1G Beacon,129,34,-9,920,3,1,,,,,,,0,1
1268,,S1G Beacon,61,34,-67,920,3,1,,,,,,,0,0
1271,,S1G Beacon,61,34,-10,920,3,1,,,,,,,0,1
1272,,S1G Beacon,129,34,-65,920,3,1,,,,,,,0,0
1274,,S1G Beacon,129,34,-10,920,3,1,,,,,,,0,1
1275,,S1G Beacon,61,34,-66,920,3,1,,,,,,,0,0
1278,,S1G Beacon,61,34,-10,920,3,1,,,,,,,0,1
1279,,S1G Beacon,129,34,-66,920,3,1,,,,,,,0,0
1281,,S1G Beacon,129,34,-10,920,3,1,,,,,,,0,1
1284,,S1G Beacon,61,34,-68,920,3,1,,,,,,,0,0
1285,,S1G Beacon,61,34,-10,920,3,1,,,,,,,0,1
1286,,S1G Beacon,129,34,-67,920,3,1,,,,,,,0,0
1287,,S1G Beacon,129,34,-10,920,3,1,,,,,,,0,1
1289,,S1G Beacon,61,34,-68,920,3,1,,,,,,,0,0
1290,,S1G Beacon,61,34,-11,920,3,1,,,,,,,0,1
1292,,S1G Beacon,129,34,-66,920,3,1,,,,,,,0,0
1295,,S1G Beacon,129,34,-10,920,3,1,,,,,,,0,1
1296,,S1G Beacon,61,34,-67,920,3,1,,,,,,,0,0
1297,,S1G Beacon,61,34,-10,920,3,1,,,,,,,0,1
1300,,S1G Beacon,129,34,-67,920,3,1,,,,,,,0,0
1301,,S1G Beacon,129,34,-11,920,3,1,,,,,,,0,1
1306,,S1G Beacon,61,34,-67,920,3,1,,,,,,,0,0
1311,,S1G Beacon,61,34,-9,920,3,1,,,,,,,0,1
1319,,S1G Beacon,129,34,-66,920,3,1,,,,,,,0,0
1321,,S1G Beacon,129,34,-10,920,3,1,,,,,,,0,1
1322,,S1G Beacon,61,34,-74,920,3,1,,,,,,,0,0
1323,,S1G Beacon,61,34,-10,920,3,1,,,,,,,0,1
1326,,S1G Beacon,129,34,-69,920,3,1,,,,,,,0,0
1327,,S1G Beacon,129,34,-10,920,3,1,,,,,,,0,1
1330,,S1G Beacon,61,34,-66,920,3,1,,,,,,,0,0
1334,,S1G Beacon,61,34,-10,920,3,1,,,,,,,0,1
1335,,S1G Beacon,129,34,-66,920,3,1,,,,,,,0,0
1336,,S1G Beacon,129,34,-11,920,3,1,,,,,,,0,1
1337,,S1G Beacon,61,34,-68,920,3,1,,,,,,,0,0
1340,,S1G Beacon,61,34,-11,920,3,1,,,,,,,0,1
1341,,S1G Beacon,129,34,-66,920,3,1,,,,,,,0,0
1342,,S1G Beacon,129,34,-10,920,3,1,,,,,,,0,1
1346,,S1G Beacon,61,34,-66,920,3,1,,,,,,,0,0
1348,,S1G Beacon,61,34,-12,920,3,1,,,,,,,0,1
1349,,S1G Beacon,129,34,-68,920,3,1,,,,,,,0,0
1350,,S1G Beacon,129,34,-10,920,3,1,,,,,,,0,1
1353,,S1G Beacon,61,34,-67,920,3,1,,,,,,,0,0
1356,,S1G Beacon,61,34,-10,920,3,1,,,,,,,0,1
1357,,S1G Beacon,129,34,-68,920,3,1,,,,,,,0,0
1358,,S1G Beacon,129,34,-10,920,3,1,,,,,,,0,1
1362,,S1G Beacon,61,34,-68,920,3,1,,,,,,,0,0
1363,,S1G Beacon,61,34,-10,920,3,1,,,,,,,0,1
1364,,S1G Beacon,129,34,-68,920,3,1,,,,,,,0,0
1365,,S1G Beacon,129,34,-10,920,3,1,,,,,,,0,1
1368,,S1G Beacon,61,34,-67,920,3,1,,,,,,,0,0
1369,,S1G Beacon,61,34,-10,920,3,1,,,,,,,0,1
1370,,S1G Beacon,129,34,-66,920,3,1,,,,,,,0,0
1374,,S1G Beacon,129,34,-10,920,3,1,,,,,,,0,1
1375,,S1G Beacon,61,34,-66,920,3,1,,,,,,,0,0
1376,,S1G Beacon,61,34,-11,920,3,1,,,,,,,0,1
1377,,S1G Beacon,129,34,-66,920,3,1,,,,,,,0,0
1381,,S1G Beacon,129,34,-12,920,3,1,,,,,,,0,1
1382,,S1G Beacon,61,34,-66,920,3,1,,,,,,,0,0
1383,,S1G Beacon,61,34,-10,920,3,1,,,,,,,0,1
1386,,S1G Beacon,129,34,-67,920,3,1,,,,,,,0,0
1388,,S1G Beacon,129,34,-10,920,3,1,,,,,,,0,1
1390,,S1G Beacon,61,34,-68,920,3,1,,,,,,,0,0
1391,,S1G Beacon,61,34,-10,920,3,1,,,,,,,0,1
1392,,S1G Beacon,129,34,-66,920,3,1,,,,,,,0,0
1393,,S1G Beacon,129,34,-11,920,3,1,,,,,,,0,1
1394,,S1G Beacon,61,34,-67,920,3,1,,,,,,,0,0
1397,,S1G Beacon,61,34,-10,920,3,1,,,,,,,0,1
1400,,S1G Beacon,129,34,-11,920,3,1,,,,,,,0,1
1403,,S1G Beacon,61,34,-66,920,3,1,,,,,,,0,0
1404,,S1G Beacon,61,34,-10,920,3,1,,,,,,,0,1
1405,,S1G Beacon,129,34,-68,920,3,1,,,,,,,0,0
1409,,S1G Beacon,129,34,-10,920,3,1,,,,,,,0,1
1417,,S1G Beacon,61,34,-66,920,3,1,,,,,,,0,0
1423,,S1G Beacon,61,34,-10,920,3,1,,,,,,,0,1
1427,,S1G Beacon,129,34,-67,920,3,1,,,,,,,0,0
1428,,S1G Beacon,129,34,-11,920,3,1,,,,,,,0,1
1431,,S1G Beacon,61,34,-66,920,3,1,,,,,,,0,0
1432,,S1G Beacon,61,34,-10,920,3,1,,,,,,,0,1
1433,,S1G Beacon,129,34,-66,920,3,1,,,,,,,0,0
1437,,S1G Beacon,129,34,-11,920,3,1,,,,,,,0,1
1438,,S1G Beacon,61,34,-67,920,3,1,,,,,,,0,0
1440,,S1G Beacon,61,34,-10,920,3,1,,,,,,,0,1
1441,,S1G Beacon,129,34,-67,920,3,1,,,,,,,0,0
1444,,S1G Beacon,129,34,-10,920,3,1,,,,,,,0,1
1446,,S1G Beacon,61,34,-68,920,3,1,,,,,,,0,0
1448,,S1G Beacon,61,34,-9,920,3,1,,,,,,,0,1
1449,,S1G Beacon,129,34,-68,920,3,1,,,,,,,0,0
1452,,S1G Beacon,129,34,-11,920,3,1,,,,,,,0,1
1454,,S1G Beacon,61,34,-68,920,3,1,,,,,,,0,0
1456,,S1G Beacon,61,34,-10,920,3,1,,,,,,,0,1
1460,,S1G Beacon,129,34,-68,920,3,1,,,,,,,0,0
1461,,S1G Beacon,129,34,-11,920,3,1,,,,,,,0,1
1462,,S1G Beacon,61,34,-66,920,3,1,,,,,,,0,0
1464,,S1G Beacon,61,34,-9,920,3,1,,,,,,,0,1
1467,,S1G Beacon,129,34,-66,920,3,1,,,,,,,0,0
1469,,S1G Beacon,61,34,-68,920,3,1,,,,,,,0,0
1470,,S1G Beacon,61,34,-11,920,3,1,,,,,,,0,1
1474,,S1G Beacon,129,34,-66,920,3,1,,,,,,,0,0
1476,,S1G Beacon,129,34,-10,920,3,1,,,,,,,0,1
1477,,S1G Beacon,61,34,-66,920,3,1,,,,,,,0,0
1480,,S1G Beacon,61,34,-10,920,3,1,,,,,,,0,1
1481,,S1G Beacon,129,34,-68,920,3,1,,,,,,,0,0
1483,,S1G Beacon,129,34,-10,920,3,1,,,,,,,0,1
1484,,S1G Beacon,61,34,-70,920,3,1,,,,,,,0,0
1487,,S1G Beacon,61,34,-11,920,3,1,,,,,,,0,1
1488,,S1G Beacon,129,34,-64,920,3,1,,,,,,,0,0
1489,,S1G Beacon,129,34,-9,920,3,1,,,,,,,0,1
1493,,S1G Beacon,61,34,-9,920,3,1,,,,,,,0,1
1495,,S1G Beacon,129,34,-67,920,3,1,,,,,,,0,0
1496,,S1G Beacon,129,34,-10,920,3,1,,,,,,,0,1
1497,,S1G Beacon,61,34,-68,920,3,1,,,,,,,0,0
1499,,S1G Beacon,61,34,-8,920,3,1,,,,,,,0,1
1500,,S1G Beacon,129,34,-75,920,3,1,,,,,,,0,0
1503,,S1G Beacon,129,34,-10,920,3,1,,,,,,,0,1
1504,,S1G Beacon,61,34,-68,920,3,1,,,,,,,0,0
1505,,S1G Beacon,61,34,-9,920,3,1,,,,,,,0,1
1509,,S1G Beacon,129,34,-66,920,3,1,,,,,,,0,0
1510,,S1G Beacon,129,34,-9,920,3,1,,,,,,,0,1
1511,,S1G Beacon,61,34,-67,920,3,1,,,,,,,0,0
1512,,S1G Beacon,61,34,-10,920,3,1,,,,,,,0,1
1518,,S1G Beacon,129,34,-69,920,3,1,,,,,,,0,0
1524,,S1G Beacon,129,34,-10,920,3,1,,,,,,,0,1
1529,,S1G Beacon,61,34,-67,920,3,1,,,,,,,0,0
1534,,S1G Beacon,61,34,-11,920,3,1,,,,,,,0,1
1538,,S1G Beacon,129,34,-66,920,3,1,,,,,,,0,0
1539,,S1G Beacon,129,34,-9,920,3,1,,,,,,,0,1
1540,,S1G Beacon,61,34,-66,920,3,1,,,,,,,0,0
1543,,S1G Beacon,61,34,-10,920,3,1,,,,,,,0,1
1544,,S1G Beacon,129,34,-66,920,3,1,,,,,,,0,0
1545,,S1G Beacon,129,34,-12,920,3,1,,,,,,,0,1
1547,,S1G Beacon,61,34,-67,920,3,1,,,,,,,0,0
1550,,S1G Beacon,61,34,-11,920,3,1,,,,,,,0,1
1551,,S1G Beacon,129,34,-66,920,3,1,,,,,,,0,0
1552,,S1G Beacon,129,34,-9,920,3,1,,,,,,,0,1
1553,,S1G Beacon,61,34,-69,920,3,1,,,,,,,0,0
1557,,S1G Beacon,61,34,-10,920,3,1,,,,,,,0,1
1558,,S1G Beacon,129,34,-68,920,3,1,,,,,,,0,0
1559,,S1G Beacon,129,34,-10,920,3,1,,,,,,,0,1
1563,,S1G Beacon,61,34,-67,920,3,1,,,,,,,0,0
1564,,S1G Beacon,61,34,-10,920,3,1,,,,,,,0,1
1565,,S1G Beacon,129,34,-66,920,3,1,,,,,,,0,0
1566,,S1G Beacon,129,34,-10,920,3,1,,,,,,,0,1
1569,,S1G Beacon,61,34,-67,920,3,1,,,,,,,0,0
1572,,S1G Beacon,61,34,-9,920,3,1,,,,,,,0,1
1573,,S1G Beacon,129,34,-68,920,3,1,,,,,,,0,0
1575,,S1G Beacon,129,34,-11,920,3,1,,,,,,,0,1
1579,,S1G Beacon,61,34,-67,920,3,1,,,,,,,0,0
1580,,S1G Beacon,61,34,-10,920,3,1,,,,,,,0,1
1581,,S1G Beacon,129,34,-68,920,3,1,,,,,,,0,0
1584,,S1G Beacon,129,34,-10,920,3,1,,,,,,,0,1
1588,,S1G Beacon,61,34,-68,920,3,1,,,,,,,0,0
1589,,S1G Beacon,61,34,-8,920,3,1,,,,,,,0,1
1590,,S1G Beacon,129,34,-67,920,3,1,,,,,,,0,0
1594,,S1G Beacon,129,34,-9,920,3,1,,,,,,,0,1
1595,,S1G Beacon,61,34,-67,920,3,1,,,,,,,0,0
1597,,S1G Beacon,61,34,-9,920,3,1,,,,,,,0,1
1599,,S1G Beacon,129,34,-68,920,3,1,,,,,,,0,0
1602,,S1G Beacon,129,34,-10,920,3,1,,,,,,,0,1
1603,,S1G Beacon,61,34,-68,920,3,1,,,,,,,0,0
1604,,S1G Beacon,61,34,-10,920,3,1,,,,,,,0,1
1606,,S1G Beacon,129,34,-66,920,3,1,,,,,,,0,0
1607,,S1G Beacon,129,34,-10,920,3,1,,,,,,,0,1
1608,,S1G Beacon,61,34,-66,920,3,1,,,,,,,0,0
1611,,S1G Beacon,61,34,-10,920,3,1,,,,,,,0,1
1612,,S1G Beacon,129,34,-67,920,3,1,,,,,,,0,0
1613,,S1G Beacon,129,34,-9,920,3,1,,,,,,,0,1
1616,,S1G Beacon,61,34,-67,920,3,1,,,,,,,0,0
1618,,S1G Beacon,61,34,-10,920,3,1,,,,,,,0,1
1619,,S1G Beacon,129,34,-71,920,3,1,,,,,,,0,0
1620,,S1G Beacon,129,34,-11,920,3,1,,,,,,,0,1
1623,,S1G Beacon,61,34,-66,920,3,1,,,,,,,0,0
1625,,S1G Beacon,61,34,-11,920,3,1,,,,,,,0,1
1630,,S1G Beacon,129,34,-66,920,3,1,,,,,,,0,0
1636,,S1G Beacon,129,34,-10,920,3,1,,,,,,,0,1
1643,,S1G Beacon,61,34,-67,920,3,1,,,,,,,0,0
1645,,S1G Beacon,61,34,-11,920,3,1,,,,,,,0,1
1646,,S1G Beacon,129,34,-66,920,3,1,,,,,,,0,0
1649,,S1G Beacon,129,34,-11,920,3,1,,,,,,,0,1
1650,,S1G Beacon,61,34,-68,920,3,1,,,,,,,0,0
1651,,S1G Beacon,61,34,-10,920,3,1,,,,,,,0,1
1656,,S1G Beacon,129,34,-11,920,3,1,,,,,,,0,1
1658,,S1G Beacon,61,34,-67,920,3,1,,,,,,,0,0
1659,,S1G Beacon,61,34,-9,920,3,1,,,,,,,0,1
1660,,S1G Beacon,129,34,-66,920,3,1,,,,,,,0,0
1663,,S1G Beacon,129,34,-10,920,3,1,,,,,,,0,1
1664,,S1G Beacon,61,34,-67,920,3,1,,,,,,,0,0
1665,,S1G Beacon,61,34,-10,920,3,1,,,,,,,0,1
1668,,S1G Beacon,129,34,-72,920,3,1,,,,,,,0,0
1669,,S1G Beacon,129,34,-9,920,3,1,,,,,,,0,1
1671,,S1G Beacon,61,34,-66,920,3,1,,,,,,,0,0
1672,,S1G Beacon,61,34,-10,920,3,1,,,,,,,0,1
1675,,S1G Beacon,129,34,-66,920,3,1,,,,,,,0,0
1676,,S1G Beacon,129,34,-10,920,3,1,,,,,,,0,1
1677,,S1G Beacon,61,34,-67,920,3,1,,,,,,,0,0
1680,,S1G Beacon,61,34,-10,920,3,1,,,,,,,0,1
1684,,S1G Beacon,129,34,-67,920,3,1,,,,,,,0,0
1686,,S1G Beacon,129,34,-12,920,3,1,,,,,,,0,1
1687,,S1G Beacon,61,34,-70,920,3,1,,,,,,,0,0
1690,,S1G Beacon,61,34,-12,920,3,1,,,,,,,0,1
1692,,S1G Beacon,129,34,-67,920,3,1,,,,,,,0,0
1693,,S1G Beacon,129,34,-12,920,3,1,,,,,,,0,1
1694,,S1G Beacon,61,34,-66,920,3,1,,,,,,,0,0
1697,,S1G Beacon,61,34,-10,920,3,1,,,,,,,0,1
1699,,S1G Beacon,129,34,-66,920,3,1,,,,,,,0,0
1700,,S1G Beacon,129,34,-10,920,3,1,,,,,,,0,1
1701,,S1G Beacon,61,34,-66,920,3,1,,,,,,,0,0
1704,,S1G Beacon,61,34,-10,920,3,1,,,,,,,0,1
1705,,S1G Beacon,129,34,-65,920,3,1,,,,,,,0,0
1706,,S1G Beacon,129,34,-10,920,3,1,,,,,,,0,1
1707,,S1G Beacon,61,34,-66,920,3,1,,,,,,,0,0
1709,,S1G Beacon,61,34,-9,920,3,1,,,,,,,0,1
1711,,S1G Beacon,129,34,-66,920,3,1,,,,,,,0,0
1714,,S1G Beacon,129,34,-9,920,3,1,,,,,,,0,1
1715,,S1G Beacon,61,34,-66,920,3,1,,,,,,,0,0
1716,,S1G Beacon,61,34,-10,920,3,1,,,,,,,0,1
1721,,S1G Beacon,129,34,-67,920,3,1,,,,,,,0,0
1723,,S1G Beacon,129,34,-10,920,3,1,,,,,,,0,1
1724,,S1G Beacon,61,34,-65,920,3,1,,,,,,,0,0
1726,,S1G Beacon,61,34,-10,920,3,1,,,,,,,0,1
1729,,S1G Beacon,129,34,-67,920,3,1,,,,,,,0,0
1730,,S1G Beacon,129,34,-10,920,3,1,,,,,,,0,1
1731,,Deauthentication,64,34,-60,920,0,12,0,0,0,0,0,0,0,0
1732,,S1G Beacon,61,34,-64,920,3,1,,,,,,,0,0
1737,,S1G Beacon,61,34,-11,920,3,1,,,,,,,0,1
1744,,S1G Beacon,129,34,-67,920,3,1,,,,,,,0,0
1749,,S1G Beacon,129,34,-10,920,3,1,,,,,,,0,1
1751,,S1G Beacon,61,34,-66,920,3,1,,,,,,,0,0
1754,,S1G Beacon,61,34,-10,920,3,1,,,,,,,0,1
1755,,S1G Beacon,129,34,-67,920,3,1,,,,,,,0,0
1756,,S1G Beacon,129,34,-10,920,3,1,,,,,,,0,1
1757,,S1G Beacon,61,34,-67,920,3,1,,,,,,,0,0
1760,,S1G Beacon,61,34,-10,920,3,1,,,,,,,0,1
1761,,S1G Beacon,129,34,-66,920,3,1,,,,,,,0,0
1762,,S1G Beacon,129,34,-10,920,3,1,,,,,,,0,1
1764,,S1G Beacon,61,34,-67,920,3,1,,,,,,,0,0
1767,,S1G Beacon,61,34,-9,920,3,1,,,,,,,0,1
1769,,S1G Beacon,129,34,-66,920,3,1,,,,,,,0,0
1770,,S1G Beacon,129,34,-10,920,3,1,,,,,,,0,1
1773,,S1G Beacon,61,34,-66,920,3,1,,,,,,,0,0
1774,,S1G Beacon,61,34,-10,920,3,1,,,,,,,0,1
1775,,S1G Beacon,129,34,-64,920,3,1,,,,,,,0,0
1777,,S1G Beacon,129,34,-11,920,3,1,,,,,,,0,1
1780,,S1G Beacon,61,34,-64,920,3,1,,,,,,,0,0
1781,,S1G Beacon,61,34,-12,920,3,1,,,,,,,0,1
1782,,S1G Beacon,129,34,-64,920,3,1,,,,,,,0,0
1785,,S1G Beacon,61,34,-65,920,3,1,,,,,,,0,0
1786,,S1G Beacon,61,34,-10,920,3,1,,,,,,,0,1
1787,,S1G Beacon,129,34,-65,920,3,1,,,,,,,0,0
1791,,S1G Beacon,129,34,-12,920,3,1,,,,,,,0,1
1792,,S1G Beacon,61,34,-64,920,3,1,,,,,,,0,0
1793,,S1G Beacon,61,34,-10,920,3,1,,,,,,,0,1
1794,,S1G Beacon,129,34,-63,920,3,1,,,,,,,0,0
1797,,S1G Beacon,129,34,-11,920,3,1,,,,,,,0,1
1798,,S1G Beacon,61,34,-64,920,3,1,,,,,,,0,0
1799,,S1G Beacon,61,34,-11,920,3,1,,,,,,,0,1
1801,,S1G Beacon,129,34,-64,920,3,1,,,,,,,0,0
1804,,S1G Beacon,129,34,-11,920,3,1,,,,,,,0,1
1805,,S1G Beacon,61,34,-65,920,3,1,,,,,,,0,0
1806,,S1G Beacon,61,34,-11,920,3,1,,,,,,,0,1
1807,,S1G Beacon,129,34,-65,920,3,1,,,,,,,0,0
1809,,S1G Beacon,129,34,-10,920,3,1,,,,,,,0,1
1810,,S1G Beacon,61,34,-66,920,3,1,,,,,,,0,0
1814,,S1G Beacon,61,34,-10,920,3,1,,,,,,,0,1
1815,,S1G Beacon,129,34,-67,920,3,1,,,,,,,0,0
1816,,S1G Beacon,129,34,-12,920,3,1,,,,,,,0,1
1819,,S1G Beacon,61,34,-66,920,3,1,,,,,,,0,0
1820,,S1G Beacon,129,34,-66,920,3,1,,,,,,,0,0
1821,,S1G Beacon,129,34,-11,920,3,1,,,,,,,0,1
1824,,S1G Beacon,61,34,-66,920,3,1,,,,,,,0,0
1826,,S1G Beacon,129,34,-65,920,3,1,,,,,,,0,0
1827,,S1G Beacon,129,34,-10,920,3,1,,,,,,,0,1
1832,,S1G Beacon,61,34,-66,920,3,1,,,,,,,0,0
1837,,S1G Beacon,61,34,-10,920,3,1,,,,,,,0,1
1843,,S1G Beacon,129,34,-64,920,3,1,,,,,,,0,0
1849,,S1G Beacon,61,34,-63,920,3,1,,,,,,,0,0
1851,,S1G Beacon,61,34,-11,920,3,1,,,,,,,0,1
1852,,S1G Beacon,129,34,-65,920,3,1,,,,,,,0,0
1855,,S1G Beacon,129,34,-12,920,3,1,,,,,,,0,1
1856,,S1G Beacon,61,34,-65,920,3,1,,,,,,,0,0
1857,,S1G Beacon,61,34,-11,920,3,1,,,,,,,0,1
1858,,S1G Beacon,129,34,-66,920,3,1,,,,,,,0,0
1861,,S1G Beacon,129,34,-12,920,3,1,,,,,,,0,1
1863,,S1G Beacon,61,34,-66,920,3,1,,,,,,,0,0
1864,,S1G Beacon,61,34,-11,920,3,1,,,,,,,0,1
1867,,S1G Beacon,129,34,-69,920,3,1,,,,,,,0,0
1868,,S1G Beacon,129,34,-11,920,3,1,,,,,,,0,1
1869,,S1G Beacon,61,34,-67,920,3,1,,,,,,,0,0
1870,,S1G Beacon,61,34,-11,920,3,1,,,,,,,0,1
1873,,S1G Beacon,129,34,-66,920,3,1,,,,,,,0,0
1875,,S1G Beacon,129,34,-11,920,3,1,,,,,,,0,1
1876,,S1G Beacon,61,34,-66,920,3,1,,,,,,,0,0
1877,,S1G Beacon,61,34,-10,920,3,1,,,,,,,0,1
1880,,S1G Beacon,129,34,-66,920,3,1,,,,,,,0,0
1881,,S1G Beacon,129,34,-11,920,3,1,,,,,,,0,1
1882,,S1G Beacon,61,34,-65,920,3,1,,,,,,,0,0
1886,,S1G Beacon,61,34,-11,920,3,1,,,,,,,0,1
1889,,S1G Beacon,129,34,-65,920,3,1,,,,,,,0,0
1890,,S1G Beacon,129,34,-10,920,3,1,,,,,,,0,1
1891,,S1G Beacon,61,34,-67,920,3,1,,,,,,,0,0
1896,,S1G Beacon,61,34,-10,920,3,1,,,,,,,0,1
1897,,S1G Beacon,129,34,-65,920,3,1,,,,,,,0,0
1898,,S1G Beacon,129,34,-10,920,3,1,,,,,,,0,1
1900,,S1G Beacon,61,34,-65,920,3,1,,,,,,,0,0
1904,,S1G Beacon,61,34,-10,920,3,1,,,,,,,0,1
1906,,S1G Beacon,129,34,-65,920,3,1,,,,,,,0,0
1907,,S1G Beacon,129,34,-11,920,3,1,,,,,,,0,1
1908,,S1G Beacon,61,34,-66,920,3,1,,,,,,,0,0
1909,,S1G Beacon,61,34,-10,920,3,1,,,,,,,0,1
1910,,S1G Beacon,129,34,-66,920,3,1,,,,,,,0,0
1913,,S1G Beacon,129,34,-12,920,3,1,,,,,,,0,1
1914,,S1G Beacon,61,34,-64,920,3,1,,,,,,,0,0
1916,,S1G Beacon,61,34,-10,920,3,1,,,,,,,0,1
1920,,S1G Beacon,129,34,-67,920,3,1,,,,,,,0,0
1921,,S1G Beacon,129,34,-10,920,3,1,,,,,,,0,1
1923,,S1G Beacon,61,34,-65,920,3,1,,,,,,,0,0
1924,,S1G Beacon,61,34,-12,920,3,1,,,,,,,0,1
1928,,S1G Beacon,129,34,-67,920,3,1,,,,,,,0,0
1929,,S1G Beacon,129,34,-9,920,3,1,,,,,,,0,1
1931,,S1G Beacon,61,34,-66,920,3,1,,,,,,,0,0
1932,,S1G Beacon,61,34,-12,920,3,1,,,,,,,0,1
1935,,S1G Beacon,129,34,-66,920,3,1,,,,,,,0,0
1938,,S1G Beacon,129,34,-10,920,3,1,,,,,,,0,1
1943,,S1G Beacon,61,34,-67,920,3,1,,,,,,,0,0
1948,,S1G Beacon,61,34,-10,920,3,1,,,,,,,0,1
1955,,S1G Beacon,129,34,-66,920,3,1,,,,,,,0,0
1956,,S1G Beacon,129,34,-10,920,3,1,,,,,,,0,1
1958,,S1G Beacon,61,34,-65,920,3,1,,,,,,,0,0
1961,,S1G Beacon,61,34,-10,920,3,1,,,,,,,0,1
1962,,S1G Beacon,129,34,-64,920,3,1,,,,,,,0,0
1963,,S1G Beacon,129,34,-11,920,3,1,,,,,,,0,1
1964,,S1G Beacon,61,34,-65,920,3,1,,,,,,,0,0
1967,,S1G Beacon,61,34,-10,920,3,1,,,,,,,0,1
1968,,S1G Beacon,129,34,-67,920,3,1,,,,,,,0,0
1971,,S1G Beacon,61,34,-69,920,3,1,,,,,,,0,0
1972,,S1G Beacon,61,34,-10,920,3,1,,,,,,,0,1
1973,,S1G Beacon,129,34,-67,920,3,1,,,,,,,0,0
1976,,S1G Beacon,61,34,-65,920,3,1,,,,,,,0,0
1977,,S1G Beacon,61,34,-10,920,3,1,,,,,,,0,1
1978,,S1G Beacon,129,34,-66,920,3,1,,,,,,,0,0
1980,,S1G Beacon,129,34,-10,920,3,1,,,,,,,0,1
1983,,S1G Beacon,61,34,-66,920,3,1,,,,,,,0,0
1984,,S1G Beacon,61,34,-11,920,3,1,,,,,,,0,1
1986,,S1G Beacon,129,34,-66,920,3,1,,,,,,,0,0
1987,,S1G Beacon,129,34,-10,920,3,1,,,,,,,0,1
1990,,S1G Beacon,61,34,-66,920,3,1,,,,,,,0,0
1991,,S1G Beacon,61,34,-10,920,3,1,,,,,,,0,1
1993,,S1G Beacon,129,34,-66,920,3,1,,,,,,,0,0
1996,,S1G Beacon,129,34,-10,920,3,1,,,,,,,0,1
1997,,S1G Beacon,61,34,-65,920,3,1,,,,,,,0,0
1998,,S1G Beacon,61,34,-10,920,3,1,,,,,,,0,1
1999,,S1G Beacon,129,34,-66,920,3,1,,,,,,,0,0
2002,,S1G Beacon,129,34,-9,920,3,1,,,,,,,0,1
2003,,S1G Beacon,61,34,-66,920,3,1,,,,,,,0,0
2006,,S1G Beacon,129,34,-68,920,3,1,,,,,,,0,0
2007,,S1G Beacon,129,34,-11,920,3,1,,,,,,,0,1
2008,,S1G Beacon,61,34,-66,920,3,1,,,,,,,0,0
2011,,S1G Beacon,61,34,-9,920,3,1,,,,,,,0,1
2012,,S1G Beacon,129,34,-67,920,3,1,,,,,,,0,0
2013,,S1G Beacon,129,34,-11,920,3,1,,,,,,,0,1
2015,,S1G Beacon,61,34,-68,920,3,1,,,,,,,0,0
2019,,S1G Beacon,61,34,-10,920,3,1,,,,,,,0,1
2020,,S1G Beacon,129,34,-67,920,3,1,,,,,,,0,0
2021,,S1G Beacon,129,34,-9,920,3,1,,,,,,,0,1
2025,,S1G Beacon,61,34,-65,920,3,1,,,,,,,0,0
2026,,S1G Beacon,61,34,-9,920,3,1,,,,,,,0,1
2027,,S1G Beacon,129,34,-66,920,3,1,,,,,,,0,0
2028,,S1G Beacon,129,34,-10,920,3,1,,,,,,,0,1
2032,,S1G Beacon,61,34,-66,920,3,1,,,,,,,0,0
2033,,S1G Beacon,61,34,-10,920,3,1,,,,,,,0,1
2035,,S1G Beacon,129,34,-66,920,3,1,,,,,,,0,0
2040,,S1G Beacon,129,34,-10,920,3,1,,,,,,,0,1
2050,,S1G Beacon,61,34,-65,920,3,1,,,,,,,0,0
2054,,S1G Beacon,61,34,-10,920,3,1,,,,,,,0,1
2056,,S1G Beacon,129,34,-66,920,3,1,,,,,,,0,0
2059,,S1G Beacon,129,34,-10,920,3,1,,,,,,,0,1
2061,,S1G Beacon,61,34,-65,920,3,1,,,,,,,0,0
2062,,S1G Beacon,61,34,-10,920,3,1,,,,,,,0,1
2063,,S1G Beacon,129,34,-66,920,3,1,,,,,,,0,0
2066,,S1G Beacon,129,34,-10,920,3,1,,,,,,,0,1
2067,,S1G Beacon,61,34,-71,920,3,1,,,,,,,0,0
2068,,S1G Beacon,61,34,-10,920,3,1,,,,,,,0,1
2072,,S1G Beacon,129,34,-10,920,3,1,,,,,,,0,1
2073,,S1G Beacon,61,34,-68,920,3,1,,,,,,,0,0
2074,,S1G Beacon,61,34,-10,920,3,1,,,,,,,0,1
2077,,S1G Beacon,129,34,-66,920,3,1,,,,,,,0,0
2078,,S1G Beacon,129,34,-11,920,3,1,,,,,,,0,1
2079,,S1G Beacon,61,34,-67,920,3,1,,,,,,,0,0
2080,,S1G Beacon,61,34,-10,920,3,1,,,,,,,0,1
2085,,S1G Beacon,129,34,-66,920,3,1,,,,,,,0,0
2086,,S1G Beacon,129,34,-10,920,3,1,,,,,,,0,1
2087,,S1G Beacon,61,34,-67,920,3,1,,,,,,,0,0
2088,,S1G Beacon,61,34,-10,920,3,1,,,,,,,0,1
2091,,S1G Beacon,129,34,-67,920,3,1,,,,,,,0,0
2092,,S1G Beacon,129,34,-10,920,3,1,,,,,,,0,1
2093,,S1G Beacon,61,34,-72,920,3,1,,,,,,,0,0
2096,,S1G Beacon,61,34,-10,920,3,1,,,,,,,0,1
2097,,S1G Beacon,129,34,-66,920,3,1,,,,,,,0,0
2098,,S1G Beacon,129,34,-9,920,3,1,,,,,,,0,1
2100,,S1G Beacon,61,34,-67,920,3,1,,,,,,,0,0
2103,,S1G Beacon,61,34,-11,920,3,1,,,,,,,0,1
2104,,S1G Beacon,129,34,-68,920,3,1,,,,,,,0,0
2105,,S1G Beacon,61,34,-66,920,3,1,,,,,,,0,0
2107,,S1G Beacon,129,34,-67,920,3,1,,,,,,,0,0
2110,,S1G Beacon,129,34,-9,920,3,1,,,,,,,0,1
2111,,S1G Beacon,61,34,-68,920,3,1,,,,,,,0,0
2112,,S1G Beacon,61,34,-10,920,3,1,,,,,,,0,1
2113,,S1G Beacon,129,34,-69,920,3,1,,,,,,,0,0
2116,,S1G Beacon,129,34,-10,920,3,1,,,,,,,0,1
2119,,S1G Beacon,61,34,-74,920,3,1,,,,,,,0,0
2120,,S1G Beacon,61,34,-10,920,3,1,,,,,,,0,1
2123,,RTS,54,34,0,920,1,11,,,,0,0,0,2848,0
2127,,S1G Beacon,129,34,-68,920,3,1,,,,,,,0,0
2128,,S1G Beacon,129,34,-11,920,3,1,,,,,,,0,1
2129,,S1G Beacon,61,34,-68,920,3,1,,,,,,,0,0
2130,,S1G Beacon,61,34,-11,920,3,1,,,,,,,0,1
2133,,S1G Beacon,129,34,-67,920,3,1,,,,,,,0,0
2134,,S1G Beacon,129,34,-10,920,3,1,,,,,,,0,1
2136,,S1G Beacon,61,34,-69,920,3,1,,,,,,,0,0
2137,,S1G Beacon,61,34,-12,920,3,1,,,,,,,0,1
2145,,S1G Beacon,129,34,-69,920,3,1,,,,,,,0,0
2149,,S1G Beacon,129,34,-12,920,3,1,,,,,,,0,1
2154,,S1G Beacon,61,34,-70,920,3,1,,,,,,,0,0
2158,,S1G Beacon,61,34,-10,920,3,1,,,,,,,0,1
2159,,S1G Beacon,129,34,-69,920,3,1,,,,,,,0,0
2161,,S1G Beacon,129,34,-10,920,3,1,,,,,,,0,1
2162,,S1G Beacon,61,34,-68,920,3,1,,,,,,,0,0
2166,,S1G Beacon,61,34,-12,920,3,1,,,,,,,0,1
2167,,S1G Beacon,129,34,-69,920,3,1,,,,,,,0,0
2168,,S1G Beacon,129,34,-10,920,3,1,,,,,,,0,1
2169,,S1G Beacon,61,34,-69,920,3,1,,,,,,,0,0
2172,,S1G Beacon,61,34,-10,920,3,1,,,,,,,0,1
2173,,S1G Beacon,129,34,-69,920,3,1,,,,,,,0,0
2175,,S1G Beacon,129,34,-11,920,3,1,,,,,,,0,1
2178,,RTS,54,34,0,920,1,11,,,,0,0,0,2848,0
2182,,S1G Beacon,61,34,-68,920,3,1,,,,,,,0,0
2183,,S1G Beacon,61,34,-10,920,3,1,,,,,,,0,1
2184,,S1G Beacon,129,34,-68,920,3,1,,,,,,,0,0
2185,,S1G Beacon,129,34,-10,920,3,1,,,,,,,0,1
2188,,S1G Beacon,61,34,-69,920,3,1,,,,,,,0,0
2189,,S1G Beacon,61,34,-11,920,3,1,,,,,,,0,1
2191,,S1G Beacon,129,34,-72,920,3,1,,,,,,,0,0
2192,,S1G Beacon,129,34,-11,920,3,1,,,,,,,0,1
2198,,S1G Beacon,61,34,-72,920,3,1,,,,,,,0,0
2199,,S1G Beacon,61,34,-12,920,3,1,,,,,,,0,1
2200,,S1G Beacon,129,34,-71,920,3,1,,,,,,,0,0
2203,,S1G Beacon,129,34,-13,920,3,1,,,,,,,0,1
2204,,S1G Beacon,61,34,-72,920,3,1,,,,,,,0,0
2206,,S1G Beacon,61,34,-12,920,3,1,,,,,,,0,1
2207,,S1G Beacon,129,34,-70,920,3,1,,,,,,,0,0
2212,,S1G Beacon,129,34,-10,920,3,1,,,,,,,0,1
2213,,S1G Beacon,61,34,-71,920,3,1,,,,,,,0,0
2214,,S1G Beacon,61,34,-11,920,3,1,,,,,,,0,1
2215,,S1G Beacon,129,34,-71,920,3,1,,,,,,,0,0
2216,,S1G Beacon,129,34,-10,920,3,1,,,,,,,0,1
2217,,S1G Beacon,61,34,-71,920,3,1,,,,,,,0,0
2221,,RTS,54,34,0,920,1,11,,,,0,0,0,2848,0
2225,,S1G Beacon,61,34,-13,920,3,1,,,,,,,0,1
2227,,S1G Beacon,129,34,-70,920,3,1,,,,,,,0,0
2228,,S1G Beacon,129,34,-12,920,3,1,,,,,,,0,1
2229,,S1G Beacon,61,34,-70,920,3,1,,,,,,,0,0
2235,,S1G Beacon,61,34,-12,920,3,1,,,,,,,0,1
2236,,S1G Beacon,129,34,-70,920,3,1,,,,,,,0,0
2237,,S1G Beacon,129,34,-12,920,3,1,,,,,,,0,1
2241,,S1G Beacon,61,34,-71,920,3,1,,,,,,,0,0
2242,,S1G Beacon,61,34,-11,920,3,1,,,,,,,0,1
2243,,S1G Beacon,129,34,-74,920,3,1,,,,,,,0,0
2245,,S1G Beacon,129,34,-11,920,3,1,,,,,,,0,1
2251,,S1G Beacon,61,34,-72,920,3,1,,,,,,,0,0
2252,,S1G Beacon,61,34,-11,920,3,1,,,,,,,0,1
2253,,S1G Beacon,129,34,-66,920,3,1,,,,,,,0,0
2255,,S1G Beacon,129,34,-10,920,3,1,,,,,,,0,1
2258,,S1G Beacon,61,34,-66,920,3,1,,,,,,,0,0
2261,,S1G Beacon,61,34,-11,920,3,1,,,,,,,0,1
2267,,S1G Beacon,129,34,-70,920,3,1,,,,,,,0,0
2275,,S1G Beacon,129,34,-10,920,3,1,,,,,,,0,1
2279,,S1G Beacon,61,34,-69,920,3,1,,,,,,,0,0
2280,,S1G Beacon,61,34,-13,920,3,1,,,,,,,0,1
2281,,S1G Beacon,129,34,-67,920,3,1,,,,,,,0,0
2286,,S1G Beacon,129,34,-10,920,3,1,,,,,,,0,1
2287,,S1G Beacon,61,34,-67,920,3,1,,,,,,,0,0
2288,,S1G Beacon,61,34,-11,920,3,1,,,,,,,0,1
2289,,S1G Beacon,129,34,-69,920,3,1,,,,,,,0,0
2294,,S1G Beacon,129,34,-11,920,3,1,,,,,,,0,1
2295,,S1G Beacon,61,34,-69,920,3,1,,,,,,,0,0
2296,,S1G Beacon,61,34,-10,920,3,1,,,,,,,0,1
2302,,S1G Beacon,129,34,-67,920,3,1,,,,,,,0,0
2303,,S1G Beacon,129,34,-12,920,3,1,,,,,,,0,1
2304,,S1G Beacon,61,34,-71,920,3,1,,,,,,,0,0
2307,,S1G Beacon,61,34,-11,920,3,1,,,,,,,0,1
2308,,S1G Beacon,129,34,-70,920,3,1,,,,,,,0,0
2311,,S1G Beacon,129,34,-10,920,3,1,,,,,,,0,1
2312,,S1G Beacon,61,34,-69,920,3,1,,,,,,,0,0
2313,,S1G Beacon,61,34,-10,920,3,1,,,,,,,0,1
2317,,S1G Beacon,129,34,-69,920,3,1,,,,,,,0,0
2318,,S1G Beacon,129,34,-11,920,3,1,,,,,,,0,1
2319,,S1G Beacon,61,34,-69,920,3,1,,,,,,,0,0
2322,,S1G Beacon,61,34,-10,920,3,1,,,,,,,0,1
2323,,S1G Beacon,129,34,-69,920,3,1,,,,,,,0,0
2326,,S1G Beacon,129,34,-12,920,3,1,,,,,,,0,1
2327,,S1G Beacon,61,34,-68,920,3,1,,,,,,,0,0
2332,,S1G Beacon,61,34,-12,920,3,1,,,,,,,0,1
2335,,S1G Beacon,129,34,-68,920,3,1,,,,,,,0,0
2340,,S1G Beacon,129,34,-12,920,3,1,,,,,,,0,1
2343,,S1G Beacon,61,34,-67,920,3,1,,,,,,,0,0
2346,,S1G Beacon,61,34,-12,920,3,1,,,,,,,0,1
2349,,S1G Beacon,129,34,-67,920,3,1,,,,,,,0,0
2350,,S1G Beacon,129,34,-12,920,3,1,,,,,,,0,1
2354,,S1G Beacon,61,34,-68,920,3,1,,,,,,,0,0
2355,,S1G Beacon,61,34,-12,920,3,1,,,,,,,0,1
2361,,S1G Beacon,129,34,-68,920,3,1,,,,,,,0,0
2364,,S1G Beacon,129,34,-11,920,3,1,,,,,,,0,1
2365,,S1G Beacon,61,34,-66,920,3,1,,,,,,,0,0
2368,,S1G Beacon,61,34,-13,920,3,1,,,,,,,0,1
2369,,S1G Beacon,129,34,-67,920,3,1,,,,,,,0,0
2370,,S1G Beacon,129,34,-11,920,3,1,,,,,,,0,1
2374,,S1G Beacon,61,34,-66,920,3,1,,,,,,,0,0
2375,,S1G Beacon,61,34,-12,920,3,1,,,,,,,0,1
2378,,S1G Beacon,129,34,-67,920,3,1,,,,,,,0,0
2379,,S1G Beacon,129,34,-11,920,3,1,,,,,,,0,1
2381,,S1G Beacon,61,34,-66,920,3,1,,,,,,,0,0
2382,,S1G Beacon,61,34,-10,920,3,1,,,,,,,0,1
2386,,S1G Beacon,129,34,-67,920,3,1,,,,,,,0,0
2390,,S1G Beacon,129,34,-12,920,3,1,,,,,,,0,1
2393,,S1G Beacon,61,34,-65,920,3,1,,,,,,,0,0
2397,,S1G Beacon,61,34,-10,920,3,1,,,,,,,0,1
2405,,S1G Beacon,129,34,-66,920,3,1,,,,,,,0,0
2409,,S1G Beacon,129,34,-10,920,3,1,,,,,,,0,1
2412,,S1G Beacon,61,34,-67,920,3,1,,,,,,,0,0
2413,,S1G Beacon,61,34,-11,920,3,1,,,,,,,0,1
2417,,S1G Beacon,129,34,-68,920,3,1,,,,,,,0,0
2418,,S1G Beacon,129,34,-11,920,3,1,,,,,,,0,1
2419,,S1G Beacon,61,34,-68,920,3,1,,,,,,,0,0
2420,,S1G Beacon,61,34,-10,920,3,1,,,,,,,0,1
2423,,S1G Beacon,129,34,-66,920,3,1,,,,,,,0,0
2426,,S1G Beacon,129,34,-11,920,3,1,,,,,,,0,1
2427,,S1G Beacon,61,34,-66,920,3,1,,,,,,,0,0
2428,,S1G Beacon,61,34,-10,920,3,1,,,,,,,0,1
2432,,S1G Beacon,129,34,-66,920,3,1,,,,,,,0,0
2433,,S1G Beacon,129,34,-11,920,3,1,,,,,,,0,1
2436,,S1G Beacon,61,34,-66,920,3,1,,,,,,,0,0
2437,,S1G Beacon,61,34,-12,920,3,1,,,,,,,0,1
2438,,S1G Beacon,129,34,-68,920,3,1,,,,,,,0,0
2441,,S1G Beacon,129,34,-11,920,3,1,,,,,,,0,1
2443,,S1G Beacon,61,34,-65,920,3,1,,,,,,,0,0
2445,,S1G Beacon,61,34,-11,920,3,1,,,,,,,0,1
2448,,S1G Beacon,129,34,-66,920,3,1,,,,,,,0,0
2449,,S1G Beacon,129,34,-10,920,3,1,,,,,,,0,1
2452,,S1G Beacon,61,34,-66,920,3,1,,,,,,,0,0
2453,,S1G Beacon,61,34,-12,920,3,1,,,,,,,0,1
2456,,S1G Beacon,129,34,-68,920,3,1,,,,,,,0,0
2457,,S1G Beacon,129,34,-10,920,3,1,,,,,,,0,1
2460,,S1G Beacon,61,34,-68,920,3,1,,,,,,,0,0
2462,,S1G Beacon,61,34,-10,920,3,1,,,,,,,0,1
2463,,S1G Beacon,129,34,-69,920,3,1,,,,,,,0,0
2466,,S1G Beacon,129,34,-10,920,3,1,,,,,,,0,1
2467,,S1G Beacon,61,34,-69,920,3,1,,,,,,,0,0
2468,,S1G Beacon,61,34,-10,920,3,1,,,,,,,0,1
2472,,S1G Beacon,129,34,-69,920,3,1,,,,,,,0,0
2473,,S1G Beacon,129,34,-12,920,3,1,,,,,,,0,1
2477,,S1G Beacon,61,34,-69,920,3,1,,,,,,,0,0
2478,,S1G Beacon,61,34,-10,920,3,1,,,,,,,0,1
2481,,S1G Beacon,129,34,-69,920,3,1,,,,,,,0,0
2482,,S1G Beacon,129,34,-11,920,3,1,,,,,,,0,1
