attack_type,packet Number,event_type,time_stamp,signal_strength,bssid,src,dst,details
,17,QoS Data,2026-07-07T15:25:32.383392000Z,-5,78:72:64:ea:b9:14,3c:22:7f:71:df:d6,3c:22:7f:71:dc:b8,Transmitting data using Trusted AP
,20,QoS Data,2026-07-07T15:25:32.392423000Z,0,78:72:64:ea:b9:14,3c:22:7f:71:dc:b8,3c:22:7f:71:df:d6,Transmitting data using Trusted AP
,23,QoS Data,2026-07-07T15:25:32.410929000Z,-3,78:72:64:ea:b9:14,3c:22:7f:71:df:d6,3c:22:7f:71:dc:b8,Transmitting data using Trusted AP
,51,QoS Data,2026-07-07T15:25:37.416584000Z,-1,78:72:64:ea:b9:14,3c:22:7f:71:df:d6,3c:22:7f:71:dc:b8,Transmitting data using Trusted AP
,57,QoS Data,2026-07-07T15:25:37.660757000Z,-3,78:72:64:ea:b9:14,3c:22:7f:71:df:d6,3c:22:7f:71:dc:b8,Transmitting data using Trusted AP
,71,QoS Data,2026-07-07T15:25:42.437913000Z,-4,78:72:64:ea:b9:14,3c:22:7f:71:df:d6,3c:22:7f:71:dc:b8,Transmitting data using Trusted AP
,74,QoS Data,2026-07-07T15:25:42.446845000Z,0,78:72:64:ea:b9:14,3c:22:7f:71:dc:b8,3c:22:7f:71:df:d6,Transmitting data using Trusted AP
,78,QoS Data,2026-07-07T15:25:42.661150000Z,-3,78:72:64:ea:b9:14,3c:22:7f:71:df:d6,3c:22:7f:71:dc:b8,Transmitting data using Trusted AP
,95,QoS Data,2026-07-07T15:25:47.458480000Z,-4,78:72:64:ea:b9:14,3c:22:7f:71:df:d6,3c:22:7f:71:dc:b8,Transmitting data using Trusted AP
,100,QoS Data,2026-07-07T15:25:47.475460000Z,0,78:72:64:ea:b9:14,3c:22:7f:71:dc:b8,3c:22:7f:71:df:d6,Transmitting data using Trusted AP
,119,QoS Data,2026-07-07T15:25:52.488214000Z,-3,78:72:64:ea:b9:14,3c:22:7f:71:df:d6,3c:22:7f:71:dc:b8,Transmitting data using Trusted AP
,122,QoS Data,2026-07-07T15:25:52.497666000Z,0,78:72:64:ea:b9:14,3c:22:7f:71:dc:b8,3c:22:7f:71:df:d6,Transmitting data using Trusted AP
,125,QoS Data,2026-07-07T15:25:52.660864000Z,-3,78:72:64:ea:b9:14,3c:22:7f:71:df:d6,3c:22:7f:71:dc:b8,Transmitting data using Trusted AP
,152,QoS Data,2026-07-07T15:25:57.509468000Z,-1,78:72:64:ea:b9:14,3c:22:7f:71:df:d6,3c:22:7f:71:dc:b8,Transmitting data using Trusted AP
,155,QoS Data,2026-07-07T15:25:57.519185000Z,0,78:72:64:ea:b9:14,3c:22:7f:71:dc:b8,3c:22:7f:71:df:d6,Transmitting data using Trusted AP
,159,QoS Data,2026-07-07T15:25:57.660824000Z,-3,78:72:64:ea:b9:14,3c:22:7f:71:df:d6,3c:22:7f:71:dc:b8,Transmitting data using Trusted AP
,179,QoS Data,2026-07-07T15:26:02.537672000Z,0,78:72:64:ea:b9:14,3c:22:7f:71:dc:b8,3c:22:7f:71:df:d6,Transmitting data using Trusted AP
,182,QoS Data,2026-07-07T15:26:02.660817000Z,-3,78:72:64:ea:b9:14,3c:22:7f:71:df:d6,3c:22:7f:71:dc:b8,Transmitting data using Trusted AP
,218,QoS Data,2026-07-07T15:26:08.910943000Z,-3,78:72:64:ea:b9:14,3c:22:7f:71:df:d6,3c:22:7f:71:dc:b8,Transmitting data using Trusted AP
,222,QoS Data,2026-07-07T15:26:09.036660000Z,0,78:72:64:ea:b9:14,3c:22:7f:71:dc:b8,3c:22:7f:71:df:d6,Transmitting data using Trusted AP
,226,QoS Data,2026-07-07T15:26:09.160848000Z,-3,78:72:64:ea:b9:14,3c:22:7f:71:df:d6,3c:22:7f:71:dc:b8,Transmitting data using Trusted AP
,246,QoS Data,2026-07-07T15:26:14.048516000Z,-3,78:72:64:ea:b9:14,3c:22:7f:71:df:d6,3c:22:7f:71:dc:b8,Transmitting data using Trusted AP
,250,QoS Data,2026-07-07T15:26:14.071111000Z,0,78:72:64:ea:b9:14,3c:22:7f:71:dc:b8,3c:22:7f:71:df:d6,Transmitting data using Trusted AP
,279,QoS Data,2026-07-07T15:26:19.078365000Z,-1,78:72:64:ea:b9:14,3c:22:7f:71:df:d6,3c:22:7f:71:dc:b8,Transmitting data using Trusted AP
,282,QoS Data,2026-07-07T15:26:19.087656000Z,0,78:72:64:ea:b9:14,3c:22:7f:71:dc:b8,3c:22:7f:71:df:d6,Transmitting data using Trusted AP
,284,QoS Data,2026-07-07T15:26:19.161654000Z,-4,78:72:64:ea:b9:14,3c:22:7f:71:df:d6,3c:22:7f:71:dc:b8,Transmitting data using Trusted AP
,331,QoS Data,2026-07-07T15:26:25.446498000Z,0,78:72:64:ea:b9:14,3c:22:7f:71:df:d6,3c:22:7f:71:dc:b8,Transmitting data using Trusted AP
,334,QoS Data,2026-07-07T15:26:25.567704000Z,0,78:72:64:ea:b9:14,3c:22:7f:71:dc:b8,3c:22:7f:71:df:d6,Transmitting data using Trusted AP
,338,QoS Data,2026-07-07T15:26:25.660314000Z,-3,78:72:64:ea:b9:14,3c:22:7f:71:df:d6,3c:22:7f:71:dc:b8,Transmitting data using Trusted AP
,359,QoS Data,2026-07-07T15:26:30.592012000Z,0,78:72:64:ea:b9:14,3c:22:7f:71:dc:b8,3c:22:7f:71:df:d6,Transmitting data using Trusted AP
,367,QoS Data,2026-07-07T15:26:30.681802000Z,0,78:72:64:ea:b9:14,3c:22:7f:71:df:d6,3c:22:7f:71:dc:b8,Transmitting data using Trusted AP
,374,QoS Data,2026-07-07T15:26:30.695861000Z,0,78:72:64:ea:b9:14,3c:22:7f:71:df:d6,3c:22:7f:71:dc:b8,Transmitting data using Trusted AP
,399,QoS Data,2026-07-07T15:26:35.608371000Z,-4,78:72:64:ea:b9:14,3c:22:7f:71:df:d6,3c:22:7f:71:dc:b8,Transmitting data using Trusted AP
,400,QoS Data,2026-07-07T15:26:35.612109000Z,-3,78:72:64:ea:b9:14,3c:22:7f:71:df:d6,3c:22:7f:71:dc:b8,Transmitting data using Trusted AP
,403,QoS Data,2026-07-07T15:26:35.621559000Z,0,78:72:64:ea:b9:14,3c:22:7f:71:dc:b8,3c:22:7f:71:df:d6,Transmitting data using Trusted AP
,407,QoS Data,2026-07-07T15:26:35.660872000Z,-2,78:72:64:ea:b9:14,3c:22:7f:71:df:d6,3c:22:7f:71:dc:b8,Transmitting data using Trusted AP
,430,QoS Data,2026-07-07T15:26:40.627893000Z,-4,78:72:64:ea:b9:14,3c:22:7f:71:df:d6,3c:22:7f:71:dc:b8,Transmitting data using Trusted AP
,434,QoS Data,2026-07-07T15:26:40.643146000Z,0,78:72:64:ea:b9:14,3c:22:7f:71:dc:b8,3c:22:7f:71:df:d6,Transmitting data using Trusted AP
,437,QoS Data,2026-07-07T15:26:40.661390000Z,-3,78:72:64:ea:b9:14,3c:22:7f:71:df:d6,3c:22:7f:71:dc:b8,Transmitting data using Trusted AP
,454,QoS Data,2026-07-07T15:26:45.673042000Z,-3,78:72:64:ea:b9:14,3c:22:7f:71:df:d6,3c:22:7f:71:dc:b8,Transmitting data using Trusted AP
,457,QoS Data,2026-07-07T15:26:45.682079000Z,0,78:72:64:ea:b9:14,3c:22:7f:71:dc:b8,3c:22:7f:71:df:d6,Transmitting data using Trusted AP
,460,QoS Data,2026-07-07T15:26:45.915228000Z,-4,78:72:64:ea:b9:14,3c:22:7f:71:df:d6,3c:22:7f:71:dc:b8,Transmitting data using Trusted AP
,480,QoS Data,2026-07-07T15:26:47.656769000Z,0,78:72:64:ea:b9:14,3c:22:7f:71:dc:b8,3c:22:7f:71:df:d6,Transmitting data using Trusted AP
,485,QoS Data,2026-07-07T15:26:47.677277000Z,0,78:72:64:ea:b9:14,3c:22:7f:71:df:d6,3c:22:7f:71:dc:b8,Transmitting data using Trusted AP
,499,QoS Data,2026-07-07T15:26:50.698255000Z,-3,78:72:64:ea:b9:14,3c:22:7f:71:df:d6,3c:22:7f:71:dc:b8,Transmitting data using Trusted AP
,502,QoS Data,2026-07-07T15:26:50.707913000Z,0,78:72:64:ea:b9:14,3c:22:7f:71:dc:b8,3c:22:7f:71:df:d6,Transmitting data using Trusted AP
,508,QoS Data,2026-07-07T15:26:50.910947000Z,-3,78:72:64:ea:b9:14,3c:22:7f:71:df:d6,3c:22:7f:71:dc:b8,Transmitting data using Trusted AP
,527,QoS Data,2026-07-07T15:26:55.722654000Z,-3,78:72:64:ea:b9:14,3c:22:7f:71:df:d6,3c:22:7f:71:dc:b8,Transmitting data using Trusted AP
,530,QoS Data,2026-07-07T15:26:55.728018000Z,-4,78:72:64:ea:b9:14,3c:22:7f:71:df:d6,3c:22:7f:71:dc:b8,Transmitting data using Trusted AP
,533,QoS Data,2026-07-07T15:26:55.737473000Z,0,78:72:64:ea:b9:14,3c:22:7f:71:dc:b8,3c:22:7f:71:df:d6,Transmitting data using Trusted AP
,538,QoS Data,2026-07-07T15:26:55.910897000Z,-4,78:72:64:ea:b9:14,3c:22:7f:71:df:d6,3c:22:7f:71:dc:b8,Transmitting data using Trusted AP
,568,QoS Data,2026-07-07T15:27:00.752337000Z,-3,78:72:64:ea:b9:14,3c:22:7f:71:df:d6,3c:22:7f:71:dc:b8,Transmitting data using Trusted AP
,571,QoS Data,2026-07-07T15:27:00.761575000Z,0,78:72:64:ea:b9:14,3c:22:7f:71:dc:b8,3c:22:7f:71:df:d6,Transmitting data using Trusted AP
,576,QoS Data,2026-07-07T15:27:00.920990000Z,0,78:72:64:ea:b9:14,3c:22:7f:71:df:d6,3c:22:7f:71:dc:b8,Transmitting data using Trusted AP
,592,QoS Data,2026-07-07T15:27:05.768341000Z,-4,78:72:64:ea:b9:14,3c:22:7f:71:df:d6,3c:22:7f:71:dc:b8,Transmitting data using Trusted AP
,595,QoS Data,2026-07-07T15:27:05.777998000Z,0,78:72:64:ea:b9:14,3c:22:7f:71:dc:b8,3c:22:7f:71:df:d6,Transmitting data using Trusted AP
,600,QoS Data,2026-07-07T15:27:05.916419000Z,-4,78:72:64:ea:b9:14,3c:22:7f:71:df:d6,3c:22:7f:71:dc:b8,Transmitting data using Trusted AP
,618,QoS Data,2026-07-07T15:27:10.788571000Z,-4,78:72:64:ea:b9:14,3c:22:7f:71:df:d6,3c:22:7f:71:dc:b8,Transmitting data using Trusted AP
,621,QoS Data,2026-07-07T15:27:10.797554000Z,0,78:72:64:ea:b9:14,3c:22:7f:71:dc:b8,3c:22:7f:71:df:d6,Transmitting data using Trusted AP
,624,QoS Data,2026-07-07T15:27:10.801520000Z,0,78:72:64:ea:b9:14,3c:22:7f:71:dc:b8,3c:22:7f:71:df:d6,Transmitting data using Trusted AP
,627,QoS Data,2026-07-07T15:27:10.911045000Z,-3,78:72:64:ea:b9:14,3c:22:7f:71:df:d6,3c:22:7f:71:dc:b8,Transmitting data using Trusted AP
,636,QoS Data,2026-07-07T15:27:10.934258000Z,0,78:72:64:ea:b9:14,3c:22:7f:71:df:d6,3c:22:7f:71:dc:b8,Transmitting data using Trusted AP
,657,QoS Data,2026-07-07T15:27:15.811073000Z,-3,78:72:64:ea:b9:14,3c:22:7f:71:df:d6,3c:22:7f:71:dc:b8,Transmitting data using Trusted AP
,659,QoS Data,2026-07-07T15:27:15.816525000Z,-3,78:72:64:ea:b9:14,3c:22:7f:71:df:d6,3c:22:7f:71:dc:b8,Transmitting data using Trusted AP
,665,QoS Data,2026-07-07T15:27:15.826172000Z,0,78:72:64:ea:b9:14,3c:22:7f:71:dc:b8,3c:22:7f:71:df:d6,Transmitting data using Trusted AP
,669,QoS Data,2026-07-07T15:27:15.910976000Z,-4,78:72:64:ea:b9:14,3c:22:7f:71:df:d6,3c:22:7f:71:dc:b8,Transmitting data using Trusted AP
,698,QoS Data,2026-07-07T15:27:20.843187000Z,-4,78:72:64:ea:b9:14,3c:22:7f:71:df:d6,3c:22:7f:71:dc:b8,Transmitting data using Trusted AP
,699,QoS Data,2026-07-07T15:27:20.847724000Z,-5,78:72:64:ea:b9:14,3c:22:7f:71:df:d6,3c:22:7f:71:dc:b8,Transmitting data using Trusted AP
,702,QoS Data,2026-07-07T15:27:20.856347000Z,0,78:72:64:ea:b9:14,3c:22:7f:71:dc:b8,3c:22:7f:71:df:d6,Transmitting data using Trusted AP
,705,QoS Data,2026-07-07T15:27:20.910602000Z,-3,78:72:64:ea:b9:14,3c:22:7f:71:df:d6,3c:22:7f:71:dc:b8,Transmitting data using Trusted AP
,723,QoS Data,2026-07-07T15:27:25.867938000Z,-3,78:72:64:ea:b9:14,3c:22:7f:71:df:d6,3c:22:7f:71:dc:b8,Transmitting data using Trusted AP
,726,QoS Data,2026-07-07T15:27:25.877122000Z,0,78:72:64:ea:b9:14,3c:22:7f:71:dc:b8,3c:22:7f:71:df:d6,Transmitting data using Trusted AP
,729,QoS Data,2026-07-07T15:27:25.913269000Z,-4,78:72:64:ea:b9:14,3c:22:7f:71:df:d6,3c:22:7f:71:dc:b8,Transmitting data using Trusted AP
,745,QoS Data,2026-07-07T15:27:30.888056000Z,-1,78:72:64:ea:b9:14,3c:22:7f:71:df:d6,3c:22:7f:71:dc:b8,Transmitting data using Trusted AP
,748,QoS Data,2026-07-07T15:27:30.898500000Z,0,78:72:64:ea:b9:14,3c:22:7f:71:dc:b8,3c:22:7f:71:df:d6,Transmitting data using Trusted AP
,751,QoS Data,2026-07-07T15:27:30.911735000Z,-1,78:72:64:ea:b9:14,3c:22:7f:71:df:d6,3c:22:7f:71:dc:b8,Transmitting data using Trusted AP
,770,QoS Data,2026-07-07T15:27:35.910716000Z,-3,78:72:64:ea:b9:14,3c:22:7f:71:df:d6,3c:22:7f:71:dc:b8,Transmitting data using Trusted AP
,775,QoS Data,2026-07-07T15:27:36.164064000Z,-3,78:72:64:ea:b9:14,3c:22:7f:71:df:d6,3c:22:7f:71:dc:b8,Transmitting data using Trusted AP
,801,QoS Data,2026-07-07T15:27:40.928407000Z,-2,78:72:64:ea:b9:14,3c:22:7f:71:df:d6,3c:22:7f:71:dc:b8,Transmitting data using Trusted AP
,804,QoS Data,2026-07-07T15:27:40.937710000Z,0,78:72:64:ea:b9:14,3c:22:7f:71:dc:b8,3c:22:7f:71:df:d6,Transmitting data using Trusted AP
,823,QoS Data,2026-07-07T15:27:45.949503000Z,-3,78:72:64:ea:b9:14,3c:22:7f:71:df:d6,3c:22:7f:71:dc:b8,Transmitting data using Trusted AP
,826,QoS Data,2026-07-07T15:27:45.958276000Z,0,78:72:64:ea:b9:14,3c:22:7f:71:dc:b8,3c:22:7f:71:df:d6,Transmitting data using Trusted AP
,829,QoS Data,2026-07-07T15:27:46.160580000Z,-2,78:72:64:ea:b9:14,3c:22:7f:71:df:d6,3c:22:7f:71:dc:b8,Transmitting data using Trusted AP
,848,QoS Data,2026-07-07T15:27:50.970938000Z,-3,78:72:64:ea:b9:14,3c:22:7f:71:df:d6,3c:22:7f:71:dc:b8,Transmitting data using Trusted AP
,851,QoS Data,2026-07-07T15:27:50.979816000Z,0,78:72:64:ea:b9:14,3c:22:7f:71:dc:b8,3c:22:7f:71:df:d6,Transmitting data using Trusted AP
,869,QoS Data,2026-07-07T15:27:55.988391000Z,-3,78:72:64:ea:b9:14,3c:22:7f:71:df:d6,3c:22:7f:71:dc:b8,Transmitting data using Trusted AP
,872,QoS Data,2026-07-07T15:27:55.998208000Z,0,78:72:64:ea:b9:14,3c:22:7f:71:dc:b8,3c:22:7f:71:df:d6,Transmitting data using Trusted AP
,914,QoS Data,2026-07-07T15:28:01.028472000Z,-3,78:72:64:ea:b9:14,3c:22:7f:71:df:d6,3c:22:7f:71:dc:b8,Transmitting data using Trusted AP
,917,QoS Data,2026-07-07T15:28:01.038394000Z,0,78:72:64:ea:b9:14,3c:22:7f:71:dc:b8,3c:22:7f:71:df:d6,Transmitting data using Trusted AP
,920,QoS Data,2026-07-07T15:28:01.043093000Z,0,78:72:64:ea:b9:14,3c:22:7f:71:dc:b8,3c:22:7f:71:df:d6,Transmitting data using Trusted AP
,923,QoS Data,2026-07-07T15:28:01.163592000Z,-4,78:72:64:ea:b9:14,3c:22:7f:71:df:d6,3c:22:7f:71:dc:b8,Transmitting data using Trusted AP
,928,QoS Data,2026-07-07T15:28:01.175123000Z,-2,78:72:64:ea:b9:14,3c:22:7f:71:df:d6,3c:22:7f:71:dc:b8,Transmitting data using Trusted AP
Evil Twin Attack,973,QoS Data,2026-07-07T15:28:08.656056000Z,0,9c:04:b6:46:07:34,3c:22:7f:71:dc:b8,3c:22:7f:71:df:d6,Transmitting data using Evil Twin AP
Evil Twin Attack,981,QoS Data,2026-07-07T15:28:10.656102000Z,0,9c:04:b6:46:07:34,3c:22:7f:71:dc:b8,3c:22:7f:71:df:d6,Transmitting data using Evil Twin AP
Evil Twin Attack,996,QoS Data,2026-07-07T15:28:14.656081000Z,0,9c:04:b6:46:07:34,3c:22:7f:71:dc:b8,3c:22:7f:71:df:d6,Transmitting data using Evil Twin AP
Evil Twin Attack,1033,QoS Data,2026-07-07T15:28:18.910641000Z,-2,9c:04:b6:46:07:34,3c:22:7f:71:df:d6,3c:22:7f:71:dc:b8,Transmitting data using Evil Twin AP
Evil Twin Attack,1036,QoS Data,2026-07-07T15:28:19.066121000Z,-3,9c:04:b6:46:07:34,3c:22:7f:71:df:d6,3c:22:7f:71:dc:b8,Transmitting data using Evil Twin AP
Evil Twin Attack,1048,QoS Data,2026-07-07T15:28:20.411107000Z,-3,9c:04:b6:46:07:34,3c:22:7f:71:df:d6,3c:22:7f:71:dc:b8,Transmitting data using Evil Twin AP
Evil Twin Attack,1050,QoS Data,2026-07-07T15:28:20.413850000Z,-4,9c:04:b6:46:07:34,3c:22:7f:71:df:d6,3c:22:7f:71:dc:b8,Transmitting data using Evil Twin AP
Evil Twin Attack,1068,QoS Data,2026-07-07T15:28:21.910694000Z,-3,9c:04:b6:46:07:34,3c:22:7f:71:df:d6,3c:22:7f:71:dc:b8,Transmitting data using Evil Twin AP
Evil Twin Attack,1073,QoS Data,2026-07-07T15:28:22.656102000Z,0,9c:04:b6:46:07:34,3c:22:7f:71:dc:b8,3c:22:7f:71:df:d6,Transmitting data using Evil Twin AP
Evil Twin Attack,1078,QoS Data,2026-07-07T15:28:23.411644000Z,-4,9c:04:b6:46:07:34,3c:22:7f:71:df:d6,3c:22:7f:71:dc:b8,Transmitting data using Evil Twin AP
Evil Twin Attack,1080,QoS Data,2026-07-07T15:28:23.414178000Z,-3,9c:04:b6:46:07:34,3c:22:7f:71:df:d6,3c:22:7f:71:dc:b8,Transmitting data using Evil Twin AP
Evil Twin Attack,1086,QoS Data,2026-07-07T15:28:24.910730000Z,-3,9c:04:b6:46:07:34,3c:22:7f:71:df:d6,3c:22:7f:71:dc:b8,Transmitting data using Evil Twin AP
Evil Twin Attack,1094,QoS Data,2026-07-07T15:28:26.410605000Z,-3,9c:04:b6:46:07:34,3c:22:7f:71:df:d6,3c:22:7f:71:dc:b8,Transmitting data using Evil Twin AP
Evil Twin Attack,1100,QoS Data,2026-07-07T15:28:27.910640000Z,-3,9c:04:b6:46:07:34,3c:22:7f:71:df:d6,3c:22:7f:71:dc:b8,Transmitting data using Evil Twin AP
Evil Twin Attack,1105,QoS Data,2026-07-07T15:28:29.415266000Z,-4,9c:04:b6:46:07:34,3c:22:7f:71:df:d6,3c:22:7f:71:dc:b8,Transmitting data using Evil Twin AP
Evil Twin Attack,1108,QoS Data,2026-07-07T15:28:29.419700000Z,-4,9c:04:b6:46:07:34,3c:22:7f:71:df:d6,3c:22:7f:71:dc:b8,Transmitting data using Evil Twin AP
Evil Twin Attack,1110,QoS Data,2026-07-07T15:28:29.422239000Z,-3,9c:04:b6:46:07:34,3c:22:7f:71:df:d6,3c:22:7f:71:dc:b8,Transmitting data using Evil Twin AP
Evil Twin Attack,1119,QoS Data,2026-07-07T15:28:30.911062000Z,-3,9c:04:b6:46:07:34,3c:22:7f:71:df:d6,3c:22:7f:71:dc:b8,Transmitting data using Evil Twin AP
Evil Twin Attack,1124,QoS Data,2026-07-07T15:28:32.410601000Z,-4,9c:04:b6:46:07:34,3c:22:7f:71:df:d6,3c:22:7f:71:dc:b8,Transmitting data using Evil Twin AP
Evil Twin Attack,1125,QoS Data,2026-07-07T15:28:32.413412000Z,-4,9c:04:b6:46:07:34,3c:22:7f:71:df:d6,3c:22:7f:71:dc:b8,Transmitting data using Evil Twin AP
Evil Twin Attack,1133,QoS Data,2026-07-07T15:28:33.914767000Z,0,9c:04:b6:46:07:34,3c:22:7f:71:df:d6,3c:22:7f:71:dc:b8,Transmitting data using Evil Twin AP
Evil Twin Attack,1145,QoS Data,2026-07-07T15:28:35.428864000Z,0,9c:04:b6:46:07:34,3c:22:7f:71:df:d6,3c:22:7f:71:dc:b8,Transmitting data using Evil Twin AP
Evil Twin Attack,1150,QoS Data,2026-07-07T15:28:35.439073000Z,0,9c:04:b6:46:07:34,3c:22:7f:71:df:d6,3c:22:7f:71:dc:b8,Transmitting data using Evil Twin AP
Evil Twin Attack,1155,QoS Data,2026-07-07T15:28:36.911132000Z,0,9c:04:b6:46:07:34,3c:22:7f:71:df:d6,3c:22:7f:71:dc:b8,Transmitting data using Evil Twin AP
Evil Twin Attack,1164,QoS Data,2026-07-07T15:28:38.657319000Z,0,9c:04:b6:46:07:34,3c:22:7f:71:dc:b8,3c:22:7f:71:df:d6,Transmitting data using Evil Twin AP
Evil Twin Attack,1170,QoS Data,2026-07-07T15:28:39.421345000Z,0,9c:04:b6:46:07:34,3c:22:7f:71:df:d6,3c:22:7f:71:dc:b8,Transmitting data using Evil Twin AP
Evil Twin Attack,1176,QoS Data,2026-07-07T15:28:40.914096000Z,0,9c:04:b6:46:07:34,3c:22:7f:71:df:d6,3c:22:7f:71:dc:b8,Transmitting data using Evil Twin AP
Evil Twin Attack,1186,QoS Data,2026-07-07T15:28:41.420856000Z,-2,9c:04:b6:46:07:34,3c:22:7f:71:df:d6,3c:22:7f:71:dc:b8,Transmitting data using Evil Twin AP
Evil Twin Attack,1200,QoS Data,2026-07-07T15:28:42.411367000Z,0,9c:04:b6:46:07:34,3c:22:7f:71:df:d6,3c:22:7f:71:dc:b8,Transmitting data using Evil Twin AP
Evil Twin Attack,1206,QoS Data,2026-07-07T15:28:43.911297000Z,0,9c:04:b6:46:07:34,3c:22:7f:71:df:d6,3c:22:7f:71:dc:b8,Transmitting data using Evil Twin AP
Evil Twin Attack,1212,QoS Data,2026-07-07T15:28:45.414981000Z,0,9c:04:b6:46:07:34,3c:22:7f:71:df:d6,3c:22:7f:71:dc:b8,Transmitting data using Evil Twin AP
Evil Twin Attack,1226,QoS Data,2026-07-07T15:28:46.934505000Z,0,9c:04:b6:46:07:34,3c:22:7f:71:df:d6,3c:22:7f:71:dc:b8,Transmitting data using Evil Twin AP
Evil Twin Attack,1232,QoS Data,2026-07-07T15:28:46.948380000Z,0,9c:04:b6:46:07:34,3c:22:7f:71:df:d6,3c:22:7f:71:dc:b8,Transmitting data using Evil Twin AP
Evil Twin Attack,1250,QoS Data,2026-07-07T15:28:49.929983000Z,0,9c:04:b6:46:07:34,3c:22:7f:71:df:d6,3c:22:7f:71:dc:b8,Transmitting data using Evil Twin AP
Evil Twin Attack,1257,QoS Data,2026-07-07T15:28:51.411534000Z,0,9c:04:b6:46:07:34,3c:22:7f:71:df:d6,3c:22:7f:71:dc:b8,Transmitting data using Evil Twin AP
Evil Twin Attack,1262,QoS Data,2026-07-07T15:28:52.911107000Z,0,9c:04:b6:46:07:34,3c:22:7f:71:df:d6,3c:22:7f:71:dc:b8,Transmitting data using Evil Twin AP
Evil Twin Attack,1269,QoS Data,2026-07-07T15:28:54.411535000Z,0,9c:04:b6:46:07:34,3c:22:7f:71:df:d6,3c:22:7f:71:dc:b8,Transmitting data using Evil Twin AP
Evil Twin Attack,1276,QoS Data,2026-07-07T15:28:55.911217000Z,0,9c:04:b6:46:07:34,3c:22:7f:71:df:d6,3c:22:7f:71:dc:b8,Transmitting data using Evil Twin AP
Evil Twin Attack,1282,QoS Data,2026-07-07T15:28:57.411114000Z,0,9c:04:b6:46:07:34,3c:22:7f:71:df:d6,3c:22:7f:71:dc:b8,Transmitting data using Evil Twin AP
Evil Twin Attack,1293,QoS Data,2026-07-07T15:28:59.914318000Z,0,9c:04:b6:46:07:34,3c:22:7f:71:df:d6,3c:22:7f:71:dc:b8,Transmitting data using Evil Twin AP
Evil Twin Attack,1298,QoS Data,2026-07-07T15:29:01.411102000Z,0,9c:04:b6:46:07:34,3c:22:7f:71:df:d6,3c:22:7f:71:dc:b8,Transmitting data using Evil Twin AP
Evil Twin Attack,1315,QoS Data,2026-07-07T15:29:02.911125000Z,0,9c:04:b6:46:07:34,3c:22:7f:71:df:d6,3c:22:7f:71:dc:b8,Transmitting data using Evil Twin AP
Evil Twin Attack,1324,QoS Data,2026-07-07T15:29:04.411162000Z,0,9c:04:b6:46:07:34,3c:22:7f:71:df:d6,3c:22:7f:71:dc:b8,Transmitting data using Evil Twin AP
Evil Twin Attack,1328,QoS Data,2026-07-07T15:29:05.411297000Z,0,9c:04:b6:46:07:34,3c:22:7f:71:df:d6,3c:22:7f:71:dc:b8,Transmitting data using Evil Twin AP
Evil Twin Attack,1332,QoS Data,2026-07-07T15:29:05.911588000Z,0,9c:04:b6:46:07:34,3c:22:7f:71:df:d6,3c:22:7f:71:dc:b8,Transmitting data using Evil Twin AP
Evil Twin Attack,1338,QoS Data,2026-07-07T15:29:07.411499000Z,0,9c:04:b6:46:07:34,3c:22:7f:71:df:d6,3c:22:7f:71:dc:b8,Transmitting data using Evil Twin AP
Evil Twin Attack,1344,QoS Data,2026-07-07T15:29:08.911104000Z,0,9c:04:b6:46:07:34,3c:22:7f:71:df:d6,3c:22:7f:71:dc:b8,Transmitting data using Evil Twin AP
Evil Twin Attack,1351,QoS Data,2026-07-07T15:29:10.414288000Z,0,9c:04:b6:46:07:34,3c:22:7f:71:df:d6,3c:22:7f:71:dc:b8,Transmitting data using Evil Twin AP
Evil Twin Attack,1354,QoS Data,2026-07-07T15:29:10.655880000Z,0,9c:04:b6:46:07:34,3c:22:7f:71:dc:b8,3c:22:7f:71:df:d6,Transmitting data using Evil Twin AP
Evil Twin Attack,1360,QoS Data,2026-07-07T15:29:11.918439000Z,0,9c:04:b6:46:07:34,3c:22:7f:71:df:d6,3c:22:7f:71:dc:b8,Transmitting data using Evil Twin AP
Evil Twin Attack,1366,QoS Data,2026-07-07T15:29:13.411548000Z,0,9c:04:b6:46:07:34,3c:22:7f:71:df:d6,3c:22:7f:71:dc:b8,Transmitting data using Evil Twin AP
Evil Twin Attack,1371,QoS Data,2026-07-07T15:29:14.911715000Z,0,9c:04:b6:46:07:34,3c:22:7f:71:df:d6,3c:22:7f:71:dc:b8,Transmitting data using Evil Twin AP
Evil Twin Attack,1379,QoS Data,2026-07-07T15:29:16.411563000Z,0,9c:04:b6:46:07:34,3c:22:7f:71:df:d6,3c:22:7f:71:dc:b8,Transmitting data using Evil Twin AP
Evil Twin Attack,1384,QoS Data,2026-07-07T15:29:17.911542000Z,0,9c:04:b6:46:07:34,3c:22:7f:71:df:d6,3c:22:7f:71:dc:b8,Transmitting data using Evil Twin AP
Evil Twin Attack,1395,QoS Data,2026-07-07T15:29:20.413119000Z,0,9c:04:b6:46:07:34,3c:22:7f:71:df:d6,3c:22:7f:71:dc:b8,Transmitting data using Evil Twin AP
Evil Twin Attack,1401,QoS Data,2026-07-07T15:29:21.911546000Z,0,9c:04:b6:46:07:34,3c:22:7f:71:df:d6,3c:22:7f:71:dc:b8,Transmitting data using Evil Twin AP
Evil Twin Attack,1413,QoS Data,2026-07-07T15:29:23.411556000Z,0,9c:04:b6:46:07:34,3c:22:7f:71:df:d6,3c:22:7f:71:dc:b8,Transmitting data using Evil Twin AP
Evil Twin Attack,1429,QoS Data,2026-07-07T15:29:24.911641000Z,0,9c:04:b6:46:07:34,3c:22:7f:71:df:d6,3c:22:7f:71:dc:b8,Transmitting data using Evil Twin AP
Evil Twin Attack,1435,QoS Data,2026-07-07T15:29:26.411551000Z,0,9c:04:b6:46:07:34,3c:22:7f:71:df:d6,3c:22:7f:71:dc:b8,Transmitting data using Evil Twin AP
Evil Twin Attack,1442,QoS Data,2026-07-07T15:29:27.911569000Z,0,9c:04:b6:46:07:34,3c:22:7f:71:df:d6,3c:22:7f:71:dc:b8,Transmitting data using Evil Twin AP
Evil Twin Attack,1450,QoS Data,2026-07-07T15:29:29.411621000Z,0,9c:04:b6:46:07:34,3c:22:7f:71:df:d6,3c:22:7f:71:dc:b8,Transmitting data using Evil Twin AP
Evil Twin Attack,1457,QoS Data,2026-07-07T15:29:30.911545000Z,0,9c:04:b6:46:07:34,3c:22:7f:71:df:d6,3c:22:7f:71:dc:b8,Transmitting data using Evil Twin AP
Evil Twin Attack,1465,QoS Data,2026-07-07T15:29:32.411559000Z,0,9c:04:b6:46:07:34,3c:22:7f:71:df:d6,3c:22:7f:71:dc:b8,Transmitting data using Evil Twin AP
Evil Twin Attack,1471,QoS Data,2026-07-07T15:29:33.911579000Z,0,9c:04:b6:46:07:34,3c:22:7f:71:df:d6,3c:22:7f:71:dc:b8,Transmitting data using Evil Twin AP
Evil Twin Attack,1472,QoS Data,2026-07-07T15:29:33.915956000Z,0,9c:04:b6:46:07:34,3c:22:7f:71:df:d6,3c:22:7f:71:dc:b8,Transmitting data using Evil Twin AP
Evil Twin Attack,1478,QoS Data,2026-07-07T15:29:35.411163000Z,0,9c:04:b6:46:07:34,3c:22:7f:71:df:d6,3c:22:7f:71:dc:b8,Transmitting data using Evil Twin AP
Evil Twin Attack,1485,QoS Data,2026-07-07T15:29:36.911607000Z,0,9c:04:b6:46:07:34,3c:22:7f:71:df:d6,3c:22:7f:71:dc:b8,Transmitting data using Evil Twin AP
Evil Twin Attack,1491,QoS Data,2026-07-07T15:29:38.411138000Z,0,9c:04:b6:46:07:34,3c:22:7f:71:df:d6,3c:22:7f:71:dc:b8,Transmitting data using Evil Twin AP
Evil Twin Attack,1501,QoS Data,2026-07-07T15:29:40.912816000Z,0,9c:04:b6:46:07:34,3c:22:7f:71:df:d6,3c:22:7f:71:dc:b8,Transmitting data using Evil Twin AP
Evil Twin Attack,1507,QoS Data,2026-07-07T15:29:42.411188000Z,0,9c:04:b6:46:07:34,3c:22:7f:71:df:d6,3c:22:7f:71:dc:b8,Transmitting data using Evil Twin AP
Evil Twin Attack,1513,QoS Data,2026-07-07T15:29:43.911218000Z,0,9c:04:b6:46:07:34,3c:22:7f:71:df:d6,3c:22:7f:71:dc:b8,Transmitting data using Evil Twin AP
Evil Twin Attack,1514,QoS Data,2026-07-07T15:29:43.915596000Z,0,9c:04:b6:46:07:34,3c:22:7f:71:df:d6,3c:22:7f:71:dc:b8,Transmitting data using Evil Twin AP
Evil Twin Attack,1535,QoS Data,2026-07-07T15:29:45.411186000Z,0,9c:04:b6:46:07:34,3c:22:7f:71:df:d6,3c:22:7f:71:dc:b8,Transmitting data using Evil Twin AP
Evil Twin Attack,1541,QoS Data,2026-07-07T15:29:46.911145000Z,0,9c:04:b6:46:07:34,3c:22:7f:71:df:d6,3c:22:7f:71:dc:b8,Transmitting data using Evil Twin AP
Evil Twin Attack,1548,QoS Data,2026-07-07T15:29:48.411219000Z,0,9c:04:b6:46:07:34,3c:22:7f:71:df:d6,3c:22:7f:71:dc:b8,Transmitting data using Evil Twin AP
Evil Twin Attack,1554,QoS Data,2026-07-07T15:29:49.911709000Z,0,9c:04:b6:46:07:34,3c:22:7f:71:df:d6,3c:22:7f:71:dc:b8,Transmitting data using Evil Twin AP
Evil Twin Attack,1561,QoS Data,2026-07-07T15:29:51.411603000Z,0,9c:04:b6:46:07:34,3c:22:7f:71:df:d6,3c:22:7f:71:dc:b8,Transmitting data using Evil Twin AP
Evil Twin Attack,1567,QoS Data,2026-07-07T15:29:52.911233000Z,0,9c:04:b6:46:07:34,3c:22:7f:71:df:d6,3c:22:7f:71:dc:b8,Transmitting data using Evil Twin AP
Evil Twin Attack,1570,QoS Data,2026-07-07T15:29:53.411740000Z,0,9c:04:b6:46:07:34,3c:22:7f:71:df:d6,3c:22:7f:71:dc:b8,Transmitting data using Evil Twin AP
Evil Twin Attack,1577,QoS Data,2026-07-07T15:29:54.411214000Z,0,9c:04:b6:46:07:34,3c:22:7f:71:df:d6,3c:22:7f:71:dc:b8,Transmitting data using Evil Twin AP
Evil Twin Attack,1582,QoS Data,2026-07-07T15:29:55.911619000Z,0,9c:04:b6:46:07:34,3c:22:7f:71:df:d6,3c:22:7f:71:dc:b8,Transmitting data using Evil Twin AP
Evil Twin Attack,1592,QoS Data,2026-07-07T15:29:57.411600000Z,0,9c:04:b6:46:07:34,3c:22:7f:71:df:d6,3c:22:7f:71:dc:b8,Transmitting data using Evil Twin AP
Evil Twin Attack,1600,QoS Data,2026-07-07T15:29:58.911617000Z,0,9c:04:b6:46:07:34,3c:22:7f:71:df:d6,3c:22:7f:71:dc:b8,Transmitting data using Evil Twin AP
Evil Twin Attack,1609,QoS Data,2026-07-07T15:30:01.413162000Z,0,9c:04:b6:46:07:34,3c:22:7f:71:df:d6,3c:22:7f:71:dc:b8,Transmitting data using Evil Twin AP
Evil Twin Attack,1614,QoS Data,2026-07-07T15:30:02.911601000Z,0,9c:04:b6:46:07:34,3c:22:7f:71:df:d6,3c:22:7f:71:dc:b8,Transmitting data using Evil Twin AP
Evil Twin Attack,1621,QoS Data,2026-07-07T15:30:04.411634000Z,0,9c:04:b6:46:07:34,3c:22:7f:71:df:d6,3c:22:7f:71:dc:b8,Transmitting data using Evil Twin AP
Evil Twin Attack,1638,QoS Data,2026-07-07T15:30:05.911569000Z,0,9c:04:b6:46:07:34,3c:22:7f:71:df:d6,3c:22:7f:71:dc:b8,Transmitting data using Evil Twin AP
Evil Twin Attack,1647,QoS Data,2026-07-07T15:30:07.411542000Z,0,9c:04:b6:46:07:34,3c:22:7f:71:df:d6,3c:22:7f:71:dc:b8,Transmitting data using Evil Twin AP
Evil Twin Attack,1653,QoS Data,2026-07-07T15:30:08.911611000Z,0,9c:04:b6:46:07:34,3c:22:7f:71:df:d6,3c:22:7f:71:dc:b8,Transmitting data using Evil Twin AP
Evil Twin Attack,1661,QoS Data,2026-07-07T15:30:10.411589000Z,0,9c:04:b6:46:07:34,3c:22:7f:71:df:d6,3c:22:7f:71:dc:b8,Transmitting data using Evil Twin AP
Evil Twin Attack,1666,QoS Data,2026-07-07T15:30:11.911610000Z,0,9c:04:b6:46:07:34,3c:22:7f:71:df:d6,3c:22:7f:71:dc:b8,Transmitting data using Evil Twin AP
Evil Twin Attack,1673,QoS Data,2026-07-07T15:30:13.411644000Z,0,9c:04:b6:46:07:34,3c:22:7f:71:df:d6,3c:22:7f:71:dc:b8,Transmitting data using Evil Twin AP
Evil Twin Attack,1678,QoS Data,2026-07-07T15:30:14.655727000Z,0,9c:04:b6:46:07:34,3c:22:7f:71:dc:b8,3c:22:7f:71:df:d6,Transmitting data using Evil Twin AP
Evil Twin Attack,1681,QoS Data,2026-07-07T15:30:14.911743000Z,0,9c:04:b6:46:07:34,3c:22:7f:71:df:d6,3c:22:7f:71:dc:b8,Transmitting data using Evil Twin AP
Evil Twin Attack,1688,QoS Data,2026-07-07T15:30:16.411579000Z,0,9c:04:b6:46:07:34,3c:22:7f:71:df:d6,3c:22:7f:71:dc:b8,Transmitting data using Evil Twin AP
Evil Twin Attack,1695,QoS Data,2026-07-07T15:30:17.911224000Z,0,9c:04:b6:46:07:34,3c:22:7f:71:df:d6,3c:22:7f:71:dc:b8,Transmitting data using Evil Twin AP
Evil Twin Attack,1702,QoS Data,2026-07-07T15:30:19.411581000Z,0,9c:04:b6:46:07:34,3c:22:7f:71:df:d6,3c:22:7f:71:dc:b8,Transmitting data using Evil Twin AP
Evil Twin Attack,1712,QoS Data,2026-07-07T15:30:21.912790000Z,0,9c:04:b6:46:07:34,3c:22:7f:71:df:d6,3c:22:7f:71:dc:b8,Transmitting data using Evil Twin AP
Evil Twin Attack,1719,QoS Data,2026-07-07T15:30:23.411164000Z,0,9c:04:b6:46:07:34,3c:22:7f:71:df:d6,3c:22:7f:71:dc:b8,Transmitting data using Evil Twin AP
Evil Twin Attack,1727,QoS Data,2026-07-07T15:30:24.911362000Z,0,9c:04:b6:46:07:34,3c:22:7f:71:df:d6,3c:22:7f:71:dc:b8,Transmitting data using Evil Twin AP
Evil Twin Attack,1739,QoS Data,2026-07-07T15:30:26.411242000Z,0,9c:04:b6:46:07:34,3c:22:7f:71:df:d6,3c:22:7f:71:dc:b8,Transmitting data using Evil Twin AP
Evil Twin Attack,1752,QoS Data,2026-07-07T15:30:27.911192000Z,0,9c:04:b6:46:07:34,3c:22:7f:71:df:d6,3c:22:7f:71:dc:b8,Transmitting data using Evil Twin AP
Evil Twin Attack,1758,QoS Data,2026-07-07T15:30:29.411315000Z,0,9c:04:b6:46:07:34,3c:22:7f:71:df:d6,3c:22:7f:71:dc:b8,Transmitting data using Evil Twin AP
Evil Twin Attack,1765,QoS Data,2026-07-07T15:30:30.911227000Z,0,9c:04:b6:46:07:34,3c:22:7f:71:df:d6,3c:22:7f:71:dc:b8,Transmitting data using Evil Twin AP
Evil Twin Attack,1771,QoS Data,2026-07-07T15:30:32.411678000Z,0,9c:04:b6:46:07:34,3c:22:7f:71:df:d6,3c:22:7f:71:dc:b8,Transmitting data using Evil Twin AP
Evil Twin Attack,1778,QoS Data,2026-07-07T15:30:33.911711000Z,0,9c:04:b6:46:07:34,3c:22:7f:71:df:d6,3c:22:7f:71:dc:b8,Transmitting data using Evil Twin AP
Evil Twin Attack,1783,QoS Data,2026-07-07T15:30:35.411801000Z,0,9c:04:b6:46:07:34,3c:22:7f:71:df:d6,3c:22:7f:71:dc:b8,Transmitting data using Evil Twin AP
Evil Twin Attack,1789,QoS Data,2026-07-07T15:30:36.911721000Z,0,9c:04:b6:46:07:34,3c:22:7f:71:df:d6,3c:22:7f:71:dc:b8,Transmitting data using Evil Twin AP
Evil Twin Attack,1795,QoS Data,2026-07-07T15:30:38.412058000Z,0,9c:04:b6:46:07:34,3c:22:7f:71:df:d6,3c:22:7f:71:dc:b8,Transmitting data using Evil Twin AP
Evil Twin Attack,1802,QoS Data,2026-07-07T15:30:39.912185000Z,0,9c:04:b6:46:07:34,3c:22:7f:71:df:d6,3c:22:7f:71:dc:b8,Transmitting data using Evil Twin AP
Evil Twin Attack,1811,QoS Data,2026-07-07T15:30:42.413249000Z,0,9c:04:b6:46:07:34,3c:22:7f:71:df:d6,3c:22:7f:71:dc:b8,Transmitting data using Evil Twin AP
Evil Twin Attack,1817,QoS Data,2026-07-07T15:30:43.911651000Z,0,9c:04:b6:46:07:34,3c:22:7f:71:df:d6,3c:22:7f:71:dc:b8,Transmitting data using Evil Twin AP
Evil Twin Attack,1822,QoS Data,2026-07-07T15:30:45.411679000Z,0,9c:04:b6:46:07:34,3c:22:7f:71:df:d6,3c:22:7f:71:dc:b8,Transmitting data using Evil Twin AP
Evil Twin Attack,1828,QoS Data,2026-07-07T15:30:46.911637000Z,0,9c:04:b6:46:07:34,3c:22:7f:71:df:d6,3c:22:7f:71:dc:b8,Transmitting data using Evil Twin AP
Evil Twin Attack,1846,QoS Data,2026-07-07T15:30:48.416188000Z,0,9c:04:b6:46:07:34,3c:22:7f:71:df:d6,3c:22:7f:71:dc:b8,Transmitting data using Evil Twin AP
Evil Twin Attack,1853,QoS Data,2026-07-07T15:30:49.911789000Z,0,9c:04:b6:46:07:34,3c:22:7f:71:df:d6,3c:22:7f:71:dc:b8,Transmitting data using Evil Twin AP
Evil Twin Attack,1859,QoS Data,2026-07-07T15:30:51.411651000Z,0,9c:04:b6:46:07:34,3c:22:7f:71:df:d6,3c:22:7f:71:dc:b8,Transmitting data using Evil Twin AP
Evil Twin Attack,1865,QoS Data,2026-07-07T15:30:52.912279000Z,0,9c:04:b6:46:07:34,3c:22:7f:71:df:d6,3c:22:7f:71:dc:b8,Transmitting data using Evil Twin AP
Evil Twin Attack,1871,QoS Data,2026-07-07T15:30:54.412290000Z,0,9c:04:b6:46:07:34,3c:22:7f:71:df:d6,3c:22:7f:71:dc:b8,Transmitting data using Evil Twin AP
Evil Twin Attack,1878,QoS Data,2026-07-07T15:30:55.912779000Z,0,9c:04:b6:46:07:34,3c:22:7f:71:df:d6,3c:22:7f:71:dc:b8,Transmitting data using Evil Twin AP
Evil Twin Attack,1883,QoS Data,2026-07-07T15:30:57.412363000Z,0,9c:04:b6:46:07:34,3c:22:7f:71:df:d6,3c:22:7f:71:dc:b8,Transmitting data using Evil Twin AP
Evil Twin Attack,1884,QoS Data,2026-07-07T15:30:57.415856000Z,0,9c:04:b6:46:07:34,3c:22:7f:71:df:d6,3c:22:7f:71:dc:b8,Transmitting data using Evil Twin AP
Evil Twin Attack,1894,QoS Data,2026-07-07T15:30:58.911954000Z,0,9c:04:b6:46:07:34,3c:22:7f:71:df:d6,3c:22:7f:71:dc:b8,Transmitting data using Evil Twin AP
Evil Twin Attack,1901,QoS Data,2026-07-07T15:31:00.412123000Z,0,9c:04:b6:46:07:34,3c:22:7f:71:df:d6,3c:22:7f:71:dc:b8,Transmitting data using Evil Twin AP
Evil Twin Attack,1911,QoS Data,2026-07-07T15:31:02.912874000Z,0,9c:04:b6:46:07:34,3c:22:7f:71:df:d6,3c:22:7f:71:dc:b8,Transmitting data using Evil Twin AP
Evil Twin Attack,1917,QoS Data,2026-07-07T15:31:04.411649000Z,0,9c:04:b6:46:07:34,3c:22:7f:71:df:d6,3c:22:7f:71:dc:b8,Transmitting data using Evil Twin AP
Evil Twin Attack,1918,QoS Data,2026-07-07T15:31:04.415921000Z,0,9c:04:b6:46:07:34,3c:22:7f:71:df:d6,3c:22:7f:71:dc:b8,Transmitting data using Evil Twin AP
Evil Twin Attack,1926,QoS Data,2026-07-07T15:31:05.911279000Z,0,9c:04:b6:46:07:34,3c:22:7f:71:df:d6,3c:22:7f:71:dc:b8,Transmitting data using Evil Twin AP
Evil Twin Attack,1933,QoS Data,2026-07-07T15:31:07.411261000Z,0,9c:04:b6:46:07:34,3c:22:7f:71:df:d6,3c:22:7f:71:dc:b8,Transmitting data using Evil Twin AP
Evil Twin Attack,1949,QoS Data,2026-07-07T15:31:08.911313000Z,0,9c:04:b6:46:07:34,3c:22:7f:71:df:d6,3c:22:7f:71:dc:b8,Transmitting data using Evil Twin AP
Evil Twin Attack,1959,QoS Data,2026-07-07T15:31:10.411322000Z,0,9c:04:b6:46:07:34,3c:22:7f:71:df:d6,3c:22:7f:71:dc:b8,Transmitting data using Evil Twin AP
Evil Twin Attack,1965,QoS Data,2026-07-07T15:31:11.911285000Z,0,9c:04:b6:46:07:34,3c:22:7f:71:df:d6,3c:22:7f:71:dc:b8,Transmitting data using Evil Twin AP
Evil Twin Attack,1969,QoS Data,2026-07-07T15:31:13.411996000Z,0,9c:04:b6:46:07:34,3c:22:7f:71:df:d6,3c:22:7f:71:dc:b8,Transmitting data using Evil Twin AP
Evil Twin Attack,1974,QoS Data,2026-07-07T15:31:14.912069000Z,0,9c:04:b6:46:07:34,3c:22:7f:71:df:d6,3c:22:7f:71:dc:b8,Transmitting data using Evil Twin AP
Evil Twin Attack,1981,QoS Data,2026-07-07T15:31:16.412506000Z,0,9c:04:b6:46:07:34,3c:22:7f:71:df:d6,3c:22:7f:71:dc:b8,Transmitting data using Evil Twin AP
Evil Twin Attack,1988,QoS Data,2026-07-07T15:31:17.912677000Z,0,9c:04:b6:46:07:34,3c:22:7f:71:df:d6,3c:22:7f:71:dc:b8,Transmitting data using Evil Twin AP
Evil Twin Attack,1994,QoS Data,2026-07-07T15:31:19.412209000Z,0,9c:04:b6:46:07:34,3c:22:7f:71:df:d6,3c:22:7f:71:dc:b8,Transmitting data using Evil Twin AP
Evil Twin Attack,2000,QoS Data,2026-07-07T15:31:20.912592000Z,0,9c:04:b6:46:07:34,3c:22:7f:71:df:d6,3c:22:7f:71:dc:b8,Transmitting data using Evil Twin AP
Evil Twin Attack,2009,QoS Data,2026-07-07T15:31:23.412927000Z,0,9c:04:b6:46:07:34,3c:22:7f:71:df:d6,3c:22:7f:71:dc:b8,Transmitting data using Evil Twin AP
Evil Twin Attack,2016,QoS Data,2026-07-07T15:31:24.912390000Z,0,9c:04:b6:46:07:34,3c:22:7f:71:df:d6,3c:22:7f:71:dc:b8,Transmitting data using Evil Twin AP
Evil Twin Attack,2023,QoS Data,2026-07-07T15:31:26.411713000Z,0,9c:04:b6:46:07:34,3c:22:7f:71:df:d6,3c:22:7f:71:dc:b8,Transmitting data using Evil Twin AP
Evil Twin Attack,2029,QoS Data,2026-07-07T15:31:27.911748000Z,0,9c:04:b6:46:07:34,3c:22:7f:71:df:d6,3c:22:7f:71:dc:b8,Transmitting data using Evil Twin AP
Evil Twin Attack,2041,QoS Data,2026-07-07T15:31:29.412811000Z,0,9c:04:b6:46:07:34,3c:22:7f:71:df:d6,3c:22:7f:71:dc:b8,Transmitting data using Evil Twin AP
Evil Twin Attack,2043,QoS Data,2026-07-07T15:31:29.415561000Z,0,9c:04:b6:46:07:34,3c:22:7f:71:df:d6,3c:22:7f:71:dc:b8,Transmitting data using Evil Twin AP
Evil Twin Attack,2057,QoS Data,2026-07-07T15:31:30.911677000Z,0,9c:04:b6:46:07:34,3c:22:7f:71:df:d6,3c:22:7f:71:dc:b8,Transmitting data using Evil Twin AP
Evil Twin Attack,2064,QoS Data,2026-07-07T15:31:32.412860000Z,0,9c:04:b6:46:07:34,3c:22:7f:71:df:d6,3c:22:7f:71:dc:b8,Transmitting data using Evil Twin AP
Evil Twin Attack,2069,QoS Data,2026-07-07T15:31:33.912848000Z,0,9c:04:b6:46:07:34,3c:22:7f:71:df:d6,3c:22:7f:71:dc:b8,Transmitting data using Evil Twin AP
Evil Twin Attack,2075,QoS Data,2026-07-07T15:31:35.411733000Z,0,9c:04:b6:46:07:34,3c:22:7f:71:df:d6,3c:22:7f:71:dc:b8,Transmitting data using Evil Twin AP
Evil Twin Attack,2082,QoS Data,2026-07-07T15:31:36.911748000Z,0,9c:04:b6:46:07:34,3c:22:7f:71:df:d6,3c:22:7f:71:dc:b8,Transmitting data using Evil Twin AP
Evil Twin Attack,2089,QoS Data,2026-07-07T15:31:38.411773000Z,0,9c:04:b6:46:07:34,3c:22:7f:71:df:d6,3c:22:7f:71:dc:b8,Transmitting data using Evil Twin AP
Evil Twin Attack,2094,QoS Data,2026-07-07T15:31:39.911890000Z,0,9c:04:b6:46:07:34,3c:22:7f:71:df:d6,3c:22:7f:71:dc:b8,Transmitting data using Evil Twin AP
Evil Twin Attack,2101,QoS Data,2026-07-07T15:31:41.411778000Z,0,9c:04:b6:46:07:34,3c:22:7f:71:df:d6,3c:22:7f:71:dc:b8,Transmitting data using Evil Twin AP
Evil Twin Attack,2108,QoS Data,2026-07-07T15:31:43.913299000Z,0,9c:04:b6:46:07:34,3c:22:7f:71:df:d6,3c:22:7f:71:dc:b8,Transmitting data using Evil Twin AP
Evil Twin Attack,2114,QoS Data,2026-07-07T15:31:45.411334000Z,0,9c:04:b6:46:07:34,3c:22:7f:71:df:d6,3c:22:7f:71:dc:b8,Transmitting data using Evil Twin AP
Evil Twin Attack,2125,QoS Data,2026-07-07T15:31:46.920776000Z,0,9c:04:b6:46:07:34,3c:22:7f:71:df:d6,3c:22:7f:71:dc:b8,Transmitting data using Evil Twin AP
Evil Twin Attack,2131,QoS Data,2026-07-07T15:31:48.411367000Z,0,9c:04:b6:46:07:34,3c:22:7f:71:df:d6,3c:22:7f:71:dc:b8,Transmitting data using Evil Twin AP
Evil Twin Attack,2140,QoS Data,2026-07-07T15:31:49.914648000Z,0,9c:04:b6:46:07:34,3c:22:7f:71:df:d6,3c:22:7f:71:dc:b8,Transmitting data using Evil Twin AP
Evil Twin Attack,2156,QoS Data,2026-07-07T15:31:51.411292000Z,0,9c:04:b6:46:07:34,3c:22:7f:71:df:d6,3c:22:7f:71:dc:b8,Transmitting data using Evil Twin AP
Evil Twin Attack,2170,QoS Data,2026-07-07T15:31:54.411758000Z,0,9c:04:b6:46:07:34,3c:22:7f:71:df:d6,3c:22:7f:71:dc:b8,Transmitting data using Evil Twin AP
Evil Twin Attack,2180,QoS Data,2026-07-07T15:31:55.920546000Z,0,9c:04:b6:46:07:34,3c:22:7f:71:df:d6,3c:22:7f:71:dc:b8,Transmitting data using Evil Twin AP
Evil Twin Attack,2186,QoS Data,2026-07-07T15:31:57.411785000Z,0,9c:04:b6:46:07:34,3c:22:7f:71:df:d6,3c:22:7f:71:dc:b8,Transmitting data using Evil Twin AP
Evil Twin Attack,2196,QoS Data,2026-07-07T15:31:58.914006000Z,0,9c:04:b6:46:07:34,3c:22:7f:71:df:d6,3c:22:7f:71:dc:b8,Transmitting data using Evil Twin AP
Evil Twin Attack,2201,QoS Data,2026-07-07T15:32:00.411760000Z,0,9c:04:b6:46:07:34,3c:22:7f:71:df:d6,3c:22:7f:71:dc:b8,Transmitting data using Evil Twin AP
Evil Twin Attack,2210,QoS Data,2026-07-07T15:32:01.914604000Z,0,9c:04:b6:46:07:34,3c:22:7f:71:df:d6,3c:22:7f:71:dc:b8,Transmitting data using Evil Twin AP
Evil Twin Attack,2223,QoS Data,2026-07-07T15:32:04.420806000Z,0,9c:04:b6:46:07:34,3c:22:7f:71:df:d6,3c:22:7f:71:dc:b8,Transmitting data using Evil Twin AP
Evil Twin Attack,2232,QoS Data,2026-07-07T15:32:05.914861000Z,0,9c:04:b6:46:07:34,3c:22:7f:71:df:d6,3c:22:7f:71:dc:b8,Transmitting data using Evil Twin AP
Evil Twin Attack,2239,QoS Data,2026-07-07T15:32:07.411734000Z,0,9c:04:b6:46:07:34,3c:22:7f:71:df:d6,3c:22:7f:71:dc:b8,Transmitting data using Evil Twin AP
Evil Twin Attack,2248,QoS Data,2026-07-07T15:32:08.914712000Z,0,9c:04:b6:46:07:34,3c:22:7f:71:df:d6,3c:22:7f:71:dc:b8,Transmitting data using Evil Twin AP
Evil Twin Attack,2256,QoS Data,2026-07-07T15:32:10.411771000Z,0,9c:04:b6:46:07:34,3c:22:7f:71:df:d6,3c:22:7f:71:dc:b8,Transmitting data using Evil Twin AP
Evil Twin Attack,2273,QoS Data,2026-07-07T15:32:11.914252000Z,0,9c:04:b6:46:07:34,3c:22:7f:71:df:d6,3c:22:7f:71:dc:b8,Transmitting data using Evil Twin AP
Evil Twin Attack,2284,QoS Data,2026-07-07T15:32:13.411347000Z,0,9c:04:b6:46:07:34,3c:22:7f:71:df:d6,3c:22:7f:71:dc:b8,Transmitting data using Evil Twin AP
Evil Twin Attack,2292,QoS Data,2026-07-07T15:32:14.914925000Z,0,9c:04:b6:46:07:34,3c:22:7f:71:df:d6,3c:22:7f:71:dc:b8,Transmitting data using Evil Twin AP
