attack_type,packet Number,event_type,time_stamp,signal_strength,ssid,bssid,src,dst,reason,status,details
,2,S1G Beacon,2026-07-07T16:02:22.627047000Z,-68,H7608,,78:72:64:ea:b9:14,,,,
,3,S1G Beacon,2026-07-07T16:02:22.689778000Z,-13,H7608,,9c:04:b6:46:07:34,,,,
,4,S1G Beacon,2026-07-07T16:02:23.444475000Z,-66,,,78:72:64:ea:b9:14,,,,
,5,S1G Beacon,2026-07-07T16:02:23.507188000Z,-13,,,9c:04:b6:46:07:34,,,,
,7,S1G Beacon,2026-07-07T16:02:24.265491000Z,-67,H7608,,78:72:64:ea:b9:14,,,,
,8,S1G Beacon,2026-07-07T16:02:24.328226000Z,-12,H7608,,9c:04:b6:46:07:34,,,,
,9,S1G Beacon,2026-07-07T16:02:25.082912000Z,-66,,,78:72:64:ea:b9:14,,,,
,10,S1G Beacon,2026-07-07T16:02:25.145637000Z,-13,,,9c:04:b6:46:07:34,,,,
,12,S1G Beacon,2026-07-07T16:02:25.903957000Z,-66,H7608,,78:72:64:ea:b9:14,,,,
,13,S1G Beacon,2026-07-07T16:02:25.966666000Z,-13,H7608,,9c:04:b6:46:07:34,,,,
,23,S1G Beacon,2026-07-07T16:02:26.721364000Z,-70,,,78:72:64:ea:b9:14,,,,
,24,S1G Beacon,2026-07-07T16:02:26.784552000Z,-13,,,9c:04:b6:46:07:34,,,,
,25,S1G Beacon,2026-07-07T16:02:27.542403000Z,-67,H7608,,78:72:64:ea:b9:14,,,,
,26,S1G Beacon,2026-07-07T16:02:27.605112000Z,-14,H7608,,9c:04:b6:46:07:34,,,,
,29,S1G Beacon,2026-07-07T16:02:28.359818000Z,-67,,,78:72:64:ea:b9:14,,,,
,30,S1G Beacon,2026-07-07T16:02:28.422528000Z,-13,,,9c:04:b6:46:07:34,,,,
,32,S1G Beacon,2026-07-07T16:02:29.180842000Z,-68,H7608,,78:72:64:ea:b9:14,,,,
,33,S1G Beacon,2026-07-07T16:02:29.243561000Z,-13,H7608,,9c:04:b6:46:07:34,,,,
,34,S1G Beacon,2026-07-07T16:02:29.998263000Z,-66,,,78:72:64:ea:b9:14,,,,
,35,S1G Beacon,2026-07-07T16:02:30.061089000Z,-14,,,9c:04:b6:46:07:34,,,,
,36,S1G Beacon,2026-07-07T16:02:30.819307000Z,-64,H7608,,78:72:64:ea:b9:14,,,,
,37,S1G Beacon,2026-07-07T16:02:30.882014000Z,-12,H7608,,9c:04:b6:46:07:34,,,,
,47,S1G Beacon,2026-07-07T16:02:31.636710000Z,-65,,,78:72:64:ea:b9:14,,,,
,48,S1G Beacon,2026-07-07T16:02:31.699430000Z,-12,,,9c:04:b6:46:07:34,,,,
,49,S1G Beacon,2026-07-07T16:02:32.457742000Z,-66,H7608,,78:72:64:ea:b9:14,,,,
,50,S1G Beacon,2026-07-07T16:02:32.520455000Z,-12,H7608,,9c:04:b6:46:07:34,,,,
,51,S1G Beacon,2026-07-07T16:02:33.275161000Z,-66,,,78:72:64:ea:b9:14,,,,
,52,S1G Beacon,2026-07-07T16:02:33.337875000Z,-12,,,9c:04:b6:46:07:34,,,,
,53,S1G Beacon,2026-07-07T16:02:34.096195000Z,-64,H7608,,78:72:64:ea:b9:14,,,,
,54,S1G Beacon,2026-07-07T16:02:34.158902000Z,-13,H7608,,9c:04:b6:46:07:34,,,,
,57,S1G Beacon,2026-07-07T16:02:34.913618000Z,-66,,,78:72:64:ea:b9:14,,,,
,58,S1G Beacon,2026-07-07T16:02:34.976324000Z,-13,,,9c:04:b6:46:07:34,,,,
,59,S1G Beacon,2026-07-07T16:02:35.734641000Z,-66,H7608,,78:72:64:ea:b9:14,,,,
,60,S1G Beacon,2026-07-07T16:02:35.797360000Z,-13,H7608,,9c:04:b6:46:07:34,,,,
,61,S1G Beacon,2026-07-07T16:02:36.552060000Z,-65,,,78:72:64:ea:b9:14,,,,
,70,S1G Beacon,2026-07-07T16:02:36.614775000Z,-13,,,9c:04:b6:46:07:34,,,,
,71,S1G Beacon,2026-07-07T16:02:37.373104000Z,-64,H7608,,78:72:64:ea:b9:14,,,,
,73,S1G Beacon,2026-07-07T16:02:37.435801000Z,-12,H7608,,9c:04:b6:46:07:34,,,,
,74,S1G Beacon,2026-07-07T16:02:38.190531000Z,-66,,,78:72:64:ea:b9:14,,,,
,75,S1G Beacon,2026-07-07T16:02:38.253228000Z,-12,,,9c:04:b6:46:07:34,,,,
,81,S1G Beacon,2026-07-07T16:02:39.011553000Z,-65,H7608,,78:72:64:ea:b9:14,,,,
,83,S1G Beacon,2026-07-07T16:02:39.074509000Z,-13,H7608,,9c:04:b6:46:07:34,,,,
,91,S1G Beacon,2026-07-07T16:02:39.828963000Z,-65,,,78:72:64:ea:b9:14,,,,
,92,S1G Beacon,2026-07-07T16:02:39.891671000Z,-13,,,9c:04:b6:46:07:34,,,,
,94,S1G Beacon,2026-07-07T16:02:40.649994000Z,-65,H7608,,78:72:64:ea:b9:14,,,,
,95,S1G Beacon,2026-07-07T16:02:40.712704000Z,-12,H7608,,9c:04:b6:46:07:34,,,,
,96,S1G Beacon,2026-07-07T16:02:41.467450000Z,-64,,,78:72:64:ea:b9:14,,,,
,110,S1G Beacon,2026-07-07T16:02:42.288462000Z,-65,H7608,,78:72:64:ea:b9:14,,,,
,111,S1G Beacon,2026-07-07T16:02:42.351162000Z,-12,H7608,,9c:04:b6:46:07:34,,,,
,118,S1G Beacon,2026-07-07T16:02:43.105881000Z,-64,,,78:72:64:ea:b9:14,,,,
,124,S1G Beacon,2026-07-07T16:02:43.168573000Z,-12,,,9c:04:b6:46:07:34,,,,
,127,S1G Beacon,2026-07-07T16:02:43.926890000Z,-65,H7608,,78:72:64:ea:b9:14,,,,
,128,S1G Beacon,2026-07-07T16:02:43.989600000Z,-12,H7608,,9c:04:b6:46:07:34,,,,
,129,S1G Beacon,2026-07-07T16:02:44.744327000Z,-66,,,78:72:64:ea:b9:14,,,,
,130,S1G Beacon,2026-07-07T16:02:44.807018000Z,-12,,,9c:04:b6:46:07:34,,,,
,131,S1G Beacon,2026-07-07T16:02:45.565355000Z,-65,H7608,,78:72:64:ea:b9:14,,,,
,132,S1G Beacon,2026-07-07T16:02:45.628045000Z,-11,H7608,,9c:04:b6:46:07:34,,,,
,133,S1G Beacon,2026-07-07T16:02:46.382774000Z,-64,,,78:72:64:ea:b9:14,,,,
,134,S1G Beacon,2026-07-07T16:02:46.445471000Z,-13,,,9c:04:b6:46:07:34,,,,
,136,S1G Beacon,2026-07-07T16:02:47.203806000Z,-65,H7608,,78:72:64:ea:b9:14,,,,
,137,S1G Beacon,2026-07-07T16:02:47.266600000Z,-13,H7608,,9c:04:b6:46:07:34,,,,
,144,S1G Beacon,2026-07-07T16:02:48.021221000Z,-65,,,78:72:64:ea:b9:14,,,,
,145,S1G Beacon,2026-07-07T16:02:48.083919000Z,-12,,,9c:04:b6:46:07:34,,,,
,149,S1G Beacon,2026-07-07T16:02:48.842272000Z,-65,H7608,,78:72:64:ea:b9:14,,,,
,150,S1G Beacon,2026-07-07T16:02:48.904947000Z,-12,H7608,,9c:04:b6:46:07:34,,,,
,153,S1G Beacon,2026-07-07T16:02:49.659670000Z,-63,,,78:72:64:ea:b9:14,,,,
,154,S1G Beacon,2026-07-07T16:02:49.722365000Z,-12,,,9c:04:b6:46:07:34,,,,
,155,S1G Beacon,2026-07-07T16:02:50.480709000Z,-63,H7608,,78:72:64:ea:b9:14,,,,
,156,S1G Beacon,2026-07-07T16:02:50.543396000Z,-11,H7608,,9c:04:b6:46:07:34,,,,
,158,S1G Beacon,2026-07-07T16:02:51.298117000Z,-65,,,78:72:64:ea:b9:14,,,,
,159,S1G Beacon,2026-07-07T16:02:51.360827000Z,-12,,,9c:04:b6:46:07:34,,,,
,160,S1G Beacon,2026-07-07T16:02:52.119147000Z,-65,H7608,,78:72:64:ea:b9:14,,,,
,161,S1G Beacon,2026-07-07T16:02:52.181845000Z,-12,H7608,,9c:04:b6:46:07:34,,,,
,164,S1G Beacon,2026-07-07T16:02:52.936564000Z,-65,,,78:72:64:ea:b9:14,,,,
,174,S1G Beacon,2026-07-07T16:02:53.820287000Z,-11,H7608,,9c:04:b6:46:07:34,,,,
,175,S1G Beacon,2026-07-07T16:02:54.575033000Z,-64,,,78:72:64:ea:b9:14,,,,
,176,S1G Beacon,2026-07-07T16:02:54.637719000Z,-13,,,9c:04:b6:46:07:34,,,,
,177,S1G Beacon,2026-07-07T16:02:55.396055000Z,-64,H7608,,78:72:64:ea:b9:14,,,,
,178,S1G Beacon,2026-07-07T16:02:55.458745000Z,-12,H7608,,9c:04:b6:46:07:34,,,,
,181,S1G Beacon,2026-07-07T16:02:56.213481000Z,-64,,,78:72:64:ea:b9:14,,,,
,182,S1G Beacon,2026-07-07T16:02:56.276171000Z,-12,,,9c:04:b6:46:07:34,,,,
,183,S1G Beacon,2026-07-07T16:02:57.034507000Z,-63,H7608,,78:72:64:ea:b9:14,,,,
,184,S1G Beacon,2026-07-07T16:02:57.097194000Z,-12,H7608,,9c:04:b6:46:07:34,,,,
,185,S1G Beacon,2026-07-07T16:02:57.851936000Z,-69,,,78:72:64:ea:b9:14,,,,
,196,S1G Beacon,2026-07-07T16:02:58.672965000Z,-67,H7608,,78:72:64:ea:b9:14,,,,
,197,S1G Beacon,2026-07-07T16:02:58.735644000Z,-13,H7608,,9c:04:b6:46:07:34,,,,
,198,S1G Beacon,2026-07-07T16:02:59.490380000Z,-67,,,78:72:64:ea:b9:14,,,,
,200,S1G Beacon,2026-07-07T16:02:59.553065000Z,-11,,,9c:04:b6:46:07:34,,,,
,208,S1G Beacon,2026-07-07T16:03:00.311491000Z,-68,H7608,,78:72:64:ea:b9:14,,,,
,209,S1G Beacon,2026-07-07T16:03:00.374092000Z,-12,H7608,,9c:04:b6:46:07:34,,,,
,215,S1G Beacon,2026-07-07T16:03:01.128831000Z,-68,,,78:72:64:ea:b9:14,,,,
,216,S1G Beacon,2026-07-07T16:03:01.191512000Z,-11,,,9c:04:b6:46:07:34,,,,
,219,S1G Beacon,2026-07-07T16:03:01.949860000Z,-68,H7608,,78:72:64:ea:b9:14,,,,
,220,S1G Beacon,2026-07-07T16:03:02.012541000Z,-12,H7608,,9c:04:b6:46:07:34,,,,
,221,S1G Beacon,2026-07-07T16:03:02.767280000Z,-67,,,78:72:64:ea:b9:14,,,,
,222,S1G Beacon,2026-07-07T16:03:02.829960000Z,-12,,,9c:04:b6:46:07:34,,,,
,231,S1G Beacon,2026-07-07T16:03:03.588304000Z,-69,H7608,,78:72:64:ea:b9:14,,,,
,232,S1G Beacon,2026-07-07T16:03:03.650992000Z,-12,H7608,,9c:04:b6:46:07:34,,,,
,233,S1G Beacon,2026-07-07T16:03:04.405728000Z,-81,,,78:72:64:ea:b9:14,,,,
,234,S1G Beacon,2026-07-07T16:03:04.468414000Z,-12,,,9c:04:b6:46:07:34,,,,
,238,S1G Beacon,2026-07-07T16:03:05.226742000Z,-73,H7608,,78:72:64:ea:b9:14,,,,
,239,S1G Beacon,2026-07-07T16:03:05.289423000Z,-13,H7608,,9c:04:b6:46:07:34,,,,
,240,S1G Beacon,2026-07-07T16:03:06.044166000Z,-67,,,78:72:64:ea:b9:14,,,,
,241,S1G Beacon,2026-07-07T16:03:06.106847000Z,-13,,,9c:04:b6:46:07:34,,,,
,242,S1G Beacon,2026-07-07T16:03:06.865195000Z,-67,H7608,,78:72:64:ea:b9:14,,,,
,243,S1G Beacon,2026-07-07T16:03:06.928283000Z,-13,H7608,,9c:04:b6:46:07:34,,,,
,245,S1G Beacon,2026-07-07T16:03:07.682609000Z,-67,,,78:72:64:ea:b9:14,,,,
,246,S1G Beacon,2026-07-07T16:03:07.745285000Z,-11,,,9c:04:b6:46:07:34,,,,
,256,S1G Beacon,2026-07-07T16:03:08.503648000Z,-67,H7608,,78:72:64:ea:b9:14,,,,
,257,S1G Beacon,2026-07-07T16:03:08.566313000Z,-13,H7608,,9c:04:b6:46:07:34,,,,
,258,S1G Beacon,2026-07-07T16:03:09.321069000Z,-67,,,78:72:64:ea:b9:14,,,,
,259,S1G Beacon,2026-07-07T16:03:09.383738000Z,-12,,,9c:04:b6:46:07:34,,,,
,260,S1G Beacon,2026-07-07T16:03:10.142102000Z,-67,H7608,,78:72:64:ea:b9:14,,,,
,261,S1G Beacon,2026-07-07T16:03:10.204767000Z,-13,H7608,,9c:04:b6:46:07:34,,,,
,263,S1G Beacon,2026-07-07T16:03:10.959552000Z,-67,,,78:72:64:ea:b9:14,,,,
,264,S1G Beacon,2026-07-07T16:03:11.022199000Z,-12,,,9c:04:b6:46:07:34,,,,
,265,S1G Beacon,2026-07-07T16:03:11.780552000Z,-67,H7608,,78:72:64:ea:b9:14,,,,
,266,S1G Beacon,2026-07-07T16:03:11.843222000Z,-13,H7608,,9c:04:b6:46:07:34,,,,
,268,S1G Beacon,2026-07-07T16:03:12.597975000Z,-69,,,78:72:64:ea:b9:14,,,,
,269,S1G Beacon,2026-07-07T16:03:12.661008000Z,-13,,,9c:04:b6:46:07:34,,,,
,280,S1G Beacon,2026-07-07T16:03:13.418989000Z,-67,H7608,,78:72:64:ea:b9:14,,,,
,281,S1G Beacon,2026-07-07T16:03:13.481665000Z,-12,H7608,,9c:04:b6:46:07:34,,,,
,284,S1G Beacon,2026-07-07T16:03:14.236422000Z,-68,,,78:72:64:ea:b9:14,,,,
,285,S1G Beacon,2026-07-07T16:03:14.299089000Z,-13,,,9c:04:b6:46:07:34,,,,
,287,S1G Beacon,2026-07-07T16:03:15.057440000Z,-66,H7608,,78:72:64:ea:b9:14,,,,
,288,S1G Beacon,2026-07-07T16:03:15.120112000Z,-13,H7608,,9c:04:b6:46:07:34,,,,
,289,S1G Beacon,2026-07-07T16:03:15.874865000Z,-65,,,78:72:64:ea:b9:14,,,,
,290,S1G Beacon,2026-07-07T16:03:15.937529000Z,-12,,,9c:04:b6:46:07:34,,,,
,291,S1G Beacon,2026-07-07T16:03:16.695897000Z,-67,H7608,,78:72:64:ea:b9:14,,,,
,292,S1G Beacon,2026-07-07T16:03:16.758564000Z,-13,H7608,,9c:04:b6:46:07:34,,,,
,293,S1G Beacon,2026-07-07T16:03:17.513320000Z,-66,,,78:72:64:ea:b9:14,,,,
,294,S1G Beacon,2026-07-07T16:03:17.575982000Z,-14,,,9c:04:b6:46:07:34,,,,
,301,S1G Beacon,2026-07-07T16:03:18.334348000Z,-65,H7608,,78:72:64:ea:b9:14,,,,
,304,S1G Beacon,2026-07-07T16:03:18.397018000Z,-15,H7608,,9c:04:b6:46:07:34,,,,
,305,S1G Beacon,2026-07-07T16:03:19.151774000Z,-66,,,78:72:64:ea:b9:14,,,,
,306,S1G Beacon,2026-07-07T16:03:19.214430000Z,-13,,,9c:04:b6:46:07:34,,,,
,308,S1G Beacon,2026-07-07T16:03:19.972795000Z,-66,H7608,,78:72:64:ea:b9:14,,,,
,309,S1G Beacon,2026-07-07T16:03:20.035457000Z,-14,H7608,,9c:04:b6:46:07:34,,,,
,315,S1G Beacon,2026-07-07T16:03:20.790213000Z,-66,,,78:72:64:ea:b9:14,,,,
,316,S1G Beacon,2026-07-07T16:03:20.852878000Z,-13,,,9c:04:b6:46:07:34,,,,
,325,S1G Beacon,2026-07-07T16:03:21.611247000Z,-67,H7608,,78:72:64:ea:b9:14,,,,
,326,S1G Beacon,2026-07-07T16:03:21.673914000Z,-14,H7608,,9c:04:b6:46:07:34,,,,
,330,S1G Beacon,2026-07-07T16:03:22.428662000Z,-66,,,78:72:64:ea:b9:14,,,,
,331,S1G Beacon,2026-07-07T16:03:22.491333000Z,-13,,,9c:04:b6:46:07:34,,,,
,339,S1G Beacon,2026-07-07T16:03:23.249692000Z,-65,H7608,,78:72:64:ea:b9:14,,,,
,340,S1G Beacon,2026-07-07T16:03:23.312363000Z,-12,H7608,,9c:04:b6:46:07:34,,,,
,344,S1G Beacon,2026-07-07T16:03:24.067121000Z,-64,,,78:72:64:ea:b9:14,,,,
,346,S1G Beacon,2026-07-07T16:03:24.129776000Z,-14,,,9c:04:b6:46:07:34,,,,
,347,S1G Beacon,2026-07-07T16:03:24.888357000Z,-64,H7608,,78:72:64:ea:b9:14,,,,
,348,S1G Beacon,2026-07-07T16:03:24.950800000Z,-12,H7608,,9c:04:b6:46:07:34,,,,
,349,S1G Beacon,2026-07-07T16:03:25.705569000Z,-65,,,78:72:64:ea:b9:14,,,,
,350,S1G Beacon,2026-07-07T16:03:25.768224000Z,-14,,,9c:04:b6:46:07:34,,,,
,352,S1G Beacon,2026-07-07T16:03:26.526595000Z,-66,H7608,,78:72:64:ea:b9:14,,,,
,353,S1G Beacon,2026-07-07T16:03:27.344023000Z,-66,,,78:72:64:ea:b9:14,,,,
,354,S1G Beacon,2026-07-07T16:03:27.406675000Z,-14,,,9c:04:b6:46:07:34,,,,
,357,S1G Beacon,2026-07-07T16:03:28.165045000Z,-65,H7608,,78:72:64:ea:b9:14,,,,
,362,S1G Beacon,2026-07-07T16:03:28.227699000Z,-13,H7608,,9c:04:b6:46:07:34,,,,
,368,S1G Beacon,2026-07-07T16:03:28.982473000Z,-65,,,78:72:64:ea:b9:14,,,,
,369,S1G Beacon,2026-07-07T16:03:29.045123000Z,-13,,,9c:04:b6:46:07:34,,,,
,370,S1G Beacon,2026-07-07T16:03:29.803496000Z,-65,H7608,,78:72:64:ea:b9:14,,,,
,371,S1G Beacon,2026-07-07T16:03:29.866153000Z,-12,H7608,,9c:04:b6:46:07:34,,,,
,372,S1G Beacon,2026-07-07T16:03:30.620919000Z,-65,,,78:72:64:ea:b9:14,,,,
,373,S1G Beacon,2026-07-07T16:03:30.683570000Z,-13,,,9c:04:b6:46:07:34,,,,
,374,S1G Beacon,2026-07-07T16:03:31.441949000Z,-64,H7608,,78:72:64:ea:b9:14,,,,
,375,S1G Beacon,2026-07-07T16:03:31.504602000Z,-12,H7608,,9c:04:b6:46:07:34,,,,
,378,S1G Beacon,2026-07-07T16:03:32.259365000Z,-66,,,78:72:64:ea:b9:14,,,,
,379,S1G Beacon,2026-07-07T16:03:32.322022000Z,-12,,,9c:04:b6:46:07:34,,,,
,380,S1G Beacon,2026-07-07T16:03:33.080393000Z,-67,H7608,,78:72:64:ea:b9:14,,,,
,381,S1G Beacon,2026-07-07T16:03:33.143258000Z,-12,H7608,,9c:04:b6:46:07:34,,,,
,391,S1G Beacon,2026-07-07T16:03:33.897817000Z,-65,,,78:72:64:ea:b9:14,,,,
,392,S1G Beacon,2026-07-07T16:03:33.960466000Z,-13,,,9c:04:b6:46:07:34,,,,
,393,S1G Beacon,2026-07-07T16:03:34.718845000Z,-65,H7608,,78:72:64:ea:b9:14,,,,
,394,S1G Beacon,2026-07-07T16:03:34.781502000Z,-13,H7608,,9c:04:b6:46:07:34,,,,
,397,S1G Beacon,2026-07-07T16:03:35.536261000Z,-64,,,78:72:64:ea:b9:14,,,,
,398,S1G Beacon,2026-07-07T16:03:35.598910000Z,-13,,,9c:04:b6:46:07:34,,,,
,399,S1G Beacon,2026-07-07T16:03:36.357306000Z,-64,H7608,,78:72:64:ea:b9:14,,,,
,400,S1G Beacon,2026-07-07T16:03:36.419939000Z,-14,H7608,,9c:04:b6:46:07:34,,,,
,401,S1G Beacon,2026-07-07T16:03:37.174721000Z,-68,,,78:72:64:ea:b9:14,,,,
,402,S1G Beacon,2026-07-07T16:03:37.237359000Z,-13,,,9c:04:b6:46:07:34,,,,
,404,S1G Beacon,2026-07-07T16:03:37.995744000Z,-66,H7608,,78:72:64:ea:b9:14,,,,
,405,S1G Beacon,2026-07-07T16:03:38.058388000Z,-11,H7608,,9c:04:b6:46:07:34,,,,
,415,S1G Beacon,2026-07-07T16:03:38.875811000Z,-14,,,9c:04:b6:46:07:34,,,,
,416,S1G Beacon,2026-07-07T16:03:39.634202000Z,-68,H7608,,78:72:64:ea:b9:14,,,,
,417,S1G Beacon,2026-07-07T16:03:39.696837000Z,-15,H7608,,9c:04:b6:46:07:34,,,,
,418,S1G Beacon,2026-07-07T16:03:40.451617000Z,-68,,,78:72:64:ea:b9:14,,,,
,419,S1G Beacon,2026-07-07T16:03:40.514260000Z,-13,,,9c:04:b6:46:07:34,,,,
,421,S1G Beacon,2026-07-07T16:03:41.272666000Z,-68,H7608,,78:72:64:ea:b9:14,,,,
,422,S1G Beacon,2026-07-07T16:03:41.335502000Z,-13,H7608,,9c:04:b6:46:07:34,,,,
,430,S1G Beacon,2026-07-07T16:03:42.090059000Z,-69,,,78:72:64:ea:b9:14,,,,
,431,S1G Beacon,2026-07-07T16:03:42.152710000Z,-12,,,9c:04:b6:46:07:34,,,,
,439,S1G Beacon,2026-07-07T16:03:42.911089000Z,-71,H7608,,78:72:64:ea:b9:14,,,,
,440,S1G Beacon,2026-07-07T16:03:42.973739000Z,-12,H7608,,9c:04:b6:46:07:34,,,,
,450,S1G Beacon,2026-07-07T16:03:43.728519000Z,-69,,,78:72:64:ea:b9:14,,,,
,451,S1G Beacon,2026-07-07T16:03:43.791158000Z,-13,,,9c:04:b6:46:07:34,,,,
,453,S1G Beacon,2026-07-07T16:03:44.549554000Z,-69,H7608,,78:72:64:ea:b9:14,,,,
,454,S1G Beacon,2026-07-07T16:03:44.612185000Z,-12,H7608,,9c:04:b6:46:07:34,,,,
,455,S1G Beacon,2026-07-07T16:03:45.366974000Z,-68,,,78:72:64:ea:b9:14,,,,
,456,S1G Beacon,2026-07-07T16:03:45.429619000Z,-13,,,9c:04:b6:46:07:34,,,,
,458,S1G Beacon,2026-07-07T16:03:46.187993000Z,-68,H7608,,78:72:64:ea:b9:14,,,,
,459,S1G Beacon,2026-07-07T16:03:46.250642000Z,-13,H7608,,9c:04:b6:46:07:34,,,,
,462,S1G Beacon,2026-07-07T16:03:47.005421000Z,-67,,,78:72:64:ea:b9:14,,,,
,463,S1G Beacon,2026-07-07T16:03:47.068053000Z,-12,,,9c:04:b6:46:07:34,,,,
,464,S1G Beacon,2026-07-07T16:03:47.826455000Z,-68,H7608,,78:72:64:ea:b9:14,,,,
,465,S1G Beacon,2026-07-07T16:03:47.889088000Z,-14,H7608,,9c:04:b6:46:07:34,,,,
,475,S1G Beacon,2026-07-07T16:03:48.643880000Z,-69,,,78:72:64:ea:b9:14,,,,
,476,S1G Beacon,2026-07-07T16:03:48.706510000Z,-13,,,9c:04:b6:46:07:34,,,,
,477,S1G Beacon,2026-07-07T16:03:49.464904000Z,-71,H7608,,78:72:64:ea:b9:14,,,,
,478,S1G Beacon,2026-07-07T16:03:49.527534000Z,-12,H7608,,9c:04:b6:46:07:34,,,,
,480,S1G Beacon,2026-07-07T16:03:50.282326000Z,-69,,,78:72:64:ea:b9:14,,,,
,481,S1G Beacon,2026-07-07T16:03:50.344958000Z,-12,,,9c:04:b6:46:07:34,,,,
,482,S1G Beacon,2026-07-07T16:03:51.103367000Z,-67,H7608,,78:72:64:ea:b9:14,,,,
,483,S1G Beacon,2026-07-07T16:03:51.165986000Z,-14,H7608,,9c:04:b6:46:07:34,,,,
,484,S1G Beacon,2026-07-07T16:03:51.920776000Z,-69,,,78:72:64:ea:b9:14,,,,
,485,S1G Beacon,2026-07-07T16:03:51.983403000Z,-13,,,9c:04:b6:46:07:34,,,,
,486,S1G Beacon,2026-07-07T16:03:52.741806000Z,-68,H7608,,78:72:64:ea:b9:14,,,,
,487,S1G Beacon,2026-07-07T16:03:52.804437000Z,-14,H7608,,9c:04:b6:46:07:34,,,,
,497,S1G Beacon,2026-07-07T16:03:53.559219000Z,-66,,,78:72:64:ea:b9:14,,,,
,498,S1G Beacon,2026-07-07T16:03:53.621854000Z,-13,,,9c:04:b6:46:07:34,,,,
,499,S1G Beacon,2026-07-07T16:03:54.380257000Z,-67,H7608,,78:72:64:ea:b9:14,,,,
,500,S1G Beacon,2026-07-07T16:03:54.442886000Z,-14,H7608,,9c:04:b6:46:07:34,,,,
,501,S1G Beacon,2026-07-07T16:03:55.197673000Z,-67,,,78:72:64:ea:b9:14,,,,
,502,S1G Beacon,2026-07-07T16:03:55.260304000Z,-13,,,9c:04:b6:46:07:34,,,,
,503,S1G Beacon,2026-07-07T16:03:56.018699000Z,-68,H7608,,78:72:64:ea:b9:14,,,,
,505,S1G Beacon,2026-07-07T16:03:56.081329000Z,-12,H7608,,9c:04:b6:46:07:34,,,,
,507,S1G Beacon,2026-07-07T16:03:56.836123000Z,-66,,,78:72:64:ea:b9:14,,,,
,508,S1G Beacon,2026-07-07T16:03:56.898751000Z,-13,,,9c:04:b6:46:07:34,,,,
,509,S1G Beacon,2026-07-07T16:03:57.657150000Z,-68,H7608,,78:72:64:ea:b9:14,,,,
,510,S1G Beacon,2026-07-07T16:03:57.720192000Z,-14,H7608,,9c:04:b6:46:07:34,,,,
,519,S1G Beacon,2026-07-07T16:03:58.474571000Z,-68,,,78:72:64:ea:b9:14,,,,
,520,S1G Beacon,2026-07-07T16:03:58.537199000Z,-14,,,9c:04:b6:46:07:34,,,,
,522,S1G Beacon,2026-07-07T16:03:59.358229000Z,-12,H7608,,9c:04:b6:46:07:34,,,,
,523,S1G Beacon,2026-07-07T16:04:00.113073000Z,-68,,,78:72:64:ea:b9:14,,,,
,524,S1G Beacon,2026-07-07T16:04:00.175649000Z,-13,,,9c:04:b6:46:07:34,,,,
,525,S1G Beacon,2026-07-07T16:04:00.934062000Z,-68,H7608,,78:72:64:ea:b9:14,,,,
,526,S1G Beacon,2026-07-07T16:04:00.996674000Z,-13,H7608,,9c:04:b6:46:07:34,,,,
,527,S1G Beacon,2026-07-07T16:04:01.751474000Z,-72,,,78:72:64:ea:b9:14,,,,
,528,S1G Beacon,2026-07-07T16:04:01.814089000Z,-13,,,9c:04:b6:46:07:34,,,,
,531,S1G Beacon,2026-07-07T16:04:02.572499000Z,-69,H7608,,78:72:64:ea:b9:14,,,,
,532,S1G Beacon,2026-07-07T16:04:02.635122000Z,-13,H7608,,9c:04:b6:46:07:34,,,,
,550,S1G Beacon,2026-07-07T16:04:03.389918000Z,-70,,,78:72:64:ea:b9:14,,,,
,551,S1G Beacon,2026-07-07T16:04:03.452542000Z,-14,,,9c:04:b6:46:07:34,,,,
,556,S1G Beacon,2026-07-07T16:04:04.210957000Z,-69,H7608,,78:72:64:ea:b9:14,,,,
,557,S1G Beacon,2026-07-07T16:04:04.273576000Z,-14,H7608,,9c:04:b6:46:07:34,,,,
,559,S1G Beacon,2026-07-07T16:04:05.028371000Z,-69,,,78:72:64:ea:b9:14,,,,
,560,S1G Beacon,2026-07-07T16:04:05.090992000Z,-13,,,9c:04:b6:46:07:34,,,,
,562,S1G Beacon,2026-07-07T16:04:05.849514000Z,-69,H7608,,78:72:64:ea:b9:14,,,,
,563,S1G Beacon,2026-07-07T16:04:05.912021000Z,-12,H7608,,9c:04:b6:46:07:34,,,,
,564,S1G Beacon,2026-07-07T16:04:06.666845000Z,-68,,,78:72:64:ea:b9:14,,,,
,565,S1G Beacon,2026-07-07T16:04:06.729441000Z,-13,,,9c:04:b6:46:07:34,,,,
,566,S1G Beacon,2026-07-07T16:04:07.487855000Z,-68,H7608,,78:72:64:ea:b9:14,,,,
,567,S1G Beacon,2026-07-07T16:04:07.550468000Z,-13,H7608,,9c:04:b6:46:07:34,,,,
,569,S1G Beacon,2026-07-07T16:04:08.305283000Z,-67,,,78:72:64:ea:b9:14,,,,
,576,S1G Beacon,2026-07-07T16:04:08.367885000Z,-13,,,9c:04:b6:46:07:34,,,,
,580,S1G Beacon,2026-07-07T16:04:09.126300000Z,-68,H7608,,78:72:64:ea:b9:14,,,,
,581,S1G Beacon,2026-07-07T16:04:09.188915000Z,-13,H7608,,9c:04:b6:46:07:34,,,,
,583,S1G Beacon,2026-07-07T16:04:09.943727000Z,-70,,,78:72:64:ea:b9:14,,,,
,584,S1G Beacon,2026-07-07T16:04:10.006342000Z,-12,,,9c:04:b6:46:07:34,,,,
,585,S1G Beacon,2026-07-07T16:04:10.764759000Z,-69,H7608,,78:72:64:ea:b9:14,,,,
,586,S1G Beacon,2026-07-07T16:04:10.827358000Z,-14,H7608,,9c:04:b6:46:07:34,,,,
,588,S1G Beacon,2026-07-07T16:04:11.582204000Z,-69,,,78:72:64:ea:b9:14,,,,
,589,S1G Beacon,2026-07-07T16:04:11.644788000Z,-13,,,9c:04:b6:46:07:34,,,,
,591,S1G Beacon,2026-07-07T16:04:12.403204000Z,-69,H7608,,78:72:64:ea:b9:14,,,,
,592,S1G Beacon,2026-07-07T16:04:12.465816000Z,-13,H7608,,9c:04:b6:46:07:34,,,,
,593,S1G Beacon,2026-07-07T16:04:13.220617000Z,-67,,,78:72:64:ea:b9:14,,,,
,594,S1G Beacon,2026-07-07T16:04:13.283235000Z,-12,,,9c:04:b6:46:07:34,,,,
,606,S1G Beacon,2026-07-07T16:04:14.041641000Z,-68,H7608,,78:72:64:ea:b9:14,,,,
,607,S1G Beacon,2026-07-07T16:04:14.104262000Z,-13,H7608,,9c:04:b6:46:07:34,,,,
,609,S1G Beacon,2026-07-07T16:04:14.859078000Z,-70,,,78:72:64:ea:b9:14,,,,
,610,S1G Beacon,2026-07-07T16:04:15.680101000Z,-69,H7608,,78:72:64:ea:b9:14,,,,
,611,S1G Beacon,2026-07-07T16:04:15.742706000Z,-13,H7608,,9c:04:b6:46:07:34,,,,
,613,S1G Beacon,2026-07-07T16:04:16.560126000Z,-14,,,9c:04:b6:46:07:34,,,,
,615,S1G Beacon,2026-07-07T16:04:17.318562000Z,-69,H7608,,78:72:64:ea:b9:14,,,,
,616,S1G Beacon,2026-07-07T16:04:17.381153000Z,-13,H7608,,9c:04:b6:46:07:34,,,,
,618,S1G Beacon,2026-07-07T16:04:18.135972000Z,-69,,,78:72:64:ea:b9:14,,,,
,619,S1G Beacon,2026-07-07T16:04:18.198571000Z,-11,,,9c:04:b6:46:07:34,,,,
,629,S1G Beacon,2026-07-07T16:04:18.957011000Z,-68,H7608,,78:72:64:ea:b9:14,,,,
,630,S1G Beacon,2026-07-07T16:04:19.019601000Z,-12,H7608,,9c:04:b6:46:07:34,,,,
,632,S1G Beacon,2026-07-07T16:04:19.837032000Z,-12,,,9c:04:b6:46:07:34,,,,
,634,S1G Beacon,2026-07-07T16:04:20.595450000Z,-66,H7608,,78:72:64:ea:b9:14,,,,
,635,S1G Beacon,2026-07-07T16:04:20.658051000Z,-12,H7608,,9c:04:b6:46:07:34,,,,
,636,S1G Beacon,2026-07-07T16:04:21.412872000Z,-66,,,78:72:64:ea:b9:14,,,,
,637,S1G Beacon,2026-07-07T16:04:21.475468000Z,-12,,,9c:04:b6:46:07:34,,,,
,639,S1G Beacon,2026-07-07T16:04:22.233910000Z,-68,H7608,,78:72:64:ea:b9:14,,,,
,640,S1G Beacon,2026-07-07T16:04:22.296500000Z,-12,H7608,,9c:04:b6:46:07:34,,,,
,642,S1G Beacon,2026-07-07T16:04:23.051331000Z,-67,,,78:72:64:ea:b9:14,,,,
,643,S1G Beacon,2026-07-07T16:04:23.113924000Z,-12,,,9c:04:b6:46:07:34,,,,
,657,S1G Beacon,2026-07-07T16:04:23.872343000Z,-69,H7608,,78:72:64:ea:b9:14,,,,
,658,S1G Beacon,2026-07-07T16:04:23.934955000Z,-12,H7608,,9c:04:b6:46:07:34,,,,
,667,S1G Beacon,2026-07-07T16:04:24.689761000Z,-67,,,78:72:64:ea:b9:14,,,,
,669,S1G Beacon,2026-07-07T16:04:24.752363000Z,-12,,,9c:04:b6:46:07:34,,,,
,671,S1G Beacon,2026-07-07T16:04:25.510798000Z,-68,H7608,,78:72:64:ea:b9:14,,,,
,672,S1G Beacon,2026-07-07T16:04:25.573399000Z,-12,H7608,,9c:04:b6:46:07:34,,,,
,674,S1G Beacon,2026-07-07T16:04:26.328219000Z,-67,,,78:72:64:ea:b9:14,,,,
,675,S1G Beacon,2026-07-07T16:04:26.390817000Z,-13,,,9c:04:b6:46:07:34,,,,
,677,S1G Beacon,2026-07-07T16:04:27.149257000Z,-67,H7608,,78:72:64:ea:b9:14,,,,
,678,S1G Beacon,2026-07-07T16:04:27.211839000Z,-13,H7608,,9c:04:b6:46:07:34,,,,
,679,S1G Beacon,2026-07-07T16:04:27.966673000Z,-67,,,78:72:64:ea:b9:14,,,,
,680,S1G Beacon,2026-07-07T16:04:28.029268000Z,-11,,,9c:04:b6:46:07:34,,,,
,695,S1G Beacon,2026-07-07T16:04:28.787692000Z,-67,H7608,,78:72:64:ea:b9:14,,,,
,696,S1G Beacon,2026-07-07T16:04:28.850291000Z,-11,H7608,,9c:04:b6:46:07:34,,,,
,698,S1G Beacon,2026-07-07T16:04:29.605117000Z,-68,,,78:72:64:ea:b9:14,,,,
,699,S1G Beacon,2026-07-07T16:04:29.667717000Z,-12,,,9c:04:b6:46:07:34,,,,
,701,S1G Beacon,2026-07-07T16:04:30.426147000Z,-69,H7608,,78:72:64:ea:b9:14,,,,
,702,S1G Beacon,2026-07-07T16:04:30.488743000Z,-13,H7608,,9c:04:b6:46:07:34,,,,
,703,S1G Beacon,2026-07-07T16:04:31.243584000Z,-67,,,78:72:64:ea:b9:14,,,,
,704,S1G Beacon,2026-07-07T16:04:31.306164000Z,-13,,,9c:04:b6:46:07:34,,,,
,705,S1G Beacon,2026-07-07T16:04:32.064598000Z,-67,H7608,,78:72:64:ea:b9:14,,,,
,706,S1G Beacon,2026-07-07T16:04:32.127188000Z,-13,H7608,,9c:04:b6:46:07:34,,,,
,708,S1G Beacon,2026-07-07T16:04:32.882023000Z,-67,,,78:72:64:ea:b9:14,,,,
,709,S1G Beacon,2026-07-07T16:04:32.944609000Z,-12,,,9c:04:b6:46:07:34,,,,
,719,S1G Beacon,2026-07-07T16:04:33.703055000Z,-67,H7608,,78:72:64:ea:b9:14,,,,
,720,S1G Beacon,2026-07-07T16:04:33.765642000Z,-12,H7608,,9c:04:b6:46:07:34,,,,
,722,S1G Beacon,2026-07-07T16:04:34.520469000Z,-66,,,78:72:64:ea:b9:14,,,,
,723,S1G Beacon,2026-07-07T16:04:34.583057000Z,-11,,,9c:04:b6:46:07:34,,,,
,724,S1G Beacon,2026-07-07T16:04:35.341523000Z,-67,H7608,,78:72:64:ea:b9:14,,,,
,726,S1G Beacon,2026-07-07T16:04:35.404094000Z,-12,H7608,,9c:04:b6:46:07:34,,,,
,728,S1G Beacon,2026-07-07T16:04:36.158916000Z,-67,,,78:72:64:ea:b9:14,,,,
,729,S1G Beacon,2026-07-07T16:04:36.221509000Z,-13,,,9c:04:b6:46:07:34,,,,
,730,S1G Beacon,2026-07-07T16:04:36.979954000Z,-68,H7608,,78:72:64:ea:b9:14,,,,
,731,S1G Beacon,2026-07-07T16:04:37.042538000Z,-13,H7608,,9c:04:b6:46:07:34,,,,
,732,S1G Beacon,2026-07-07T16:04:37.797371000Z,-70,,,78:72:64:ea:b9:14,,,,
,733,S1G Beacon,2026-07-07T16:04:37.859958000Z,-13,,,9c:04:b6:46:07:34,,,,
,744,S1G Beacon,2026-07-07T16:04:38.618392000Z,-70,H7608,,78:72:64:ea:b9:14,,,,
,745,S1G Beacon,2026-07-07T16:04:38.680987000Z,-12,H7608,,9c:04:b6:46:07:34,,,,
,746,S1G Beacon,2026-07-07T16:04:39.435816000Z,-69,,,78:72:64:ea:b9:14,,,,
,748,S1G Beacon,2026-07-07T16:04:39.498401000Z,-14,,,9c:04:b6:46:07:34,,,,
,749,S1G Beacon,2026-07-07T16:04:40.256861000Z,-69,H7608,,78:72:64:ea:b9:14,,,,
,750,S1G Beacon,2026-07-07T16:04:40.319432000Z,-11,H7608,,9c:04:b6:46:07:34,,,,
,751,S1G Beacon,2026-07-07T16:04:41.074312000Z,-68,,,78:72:64:ea:b9:14,,,,
,752,S1G Beacon,2026-07-07T16:04:41.136858000Z,-12,,,9c:04:b6:46:07:34,,,,
,754,S1G Beacon,2026-07-07T16:04:41.895309000Z,-69,H7608,,78:72:64:ea:b9:14,,,,
,755,S1G Beacon,2026-07-07T16:04:41.957879000Z,-11,H7608,,9c:04:b6:46:07:34,,,,
,765,S1G Beacon,2026-07-07T16:04:42.712715000Z,-69,,,78:72:64:ea:b9:14,,,,
,766,S1G Beacon,2026-07-07T16:04:42.775507000Z,-12,,,9c:04:b6:46:07:34,,,,
,773,S1G Beacon,2026-07-07T16:04:43.533747000Z,-70,H7608,,78:72:64:ea:b9:14,,,,
,774,S1G Beacon,2026-07-07T16:04:43.596333000Z,-11,H7608,,9c:04:b6:46:07:34,,,,
,778,S1G Beacon,2026-07-07T16:04:44.351172000Z,-68,,,78:72:64:ea:b9:14,,,,
,779,S1G Beacon,2026-07-07T16:04:44.413755000Z,-13,,,9c:04:b6:46:07:34,,,,
,787,S1G Beacon,2026-07-07T16:04:45.172195000Z,-70,H7608,,78:72:64:ea:b9:14,,,,
,789,S1G Beacon,2026-07-07T16:04:45.234782000Z,-11,H7608,,9c:04:b6:46:07:34,,,,
,796,S1G Beacon,2026-07-07T16:04:45.989620000Z,-69,,,78:72:64:ea:b9:14,,,,
,797,S1G Beacon,2026-07-07T16:04:46.052199000Z,-13,,,9c:04:b6:46:07:34,,,,
,798,S1G Beacon,2026-07-07T16:04:46.810647000Z,-72,H7608,,78:72:64:ea:b9:14,,,,
,799,S1G Beacon,2026-07-07T16:04:46.873226000Z,-12,H7608,,9c:04:b6:46:07:34,,,,
,802,S1G Beacon,2026-07-07T16:04:47.628065000Z,-69,,,78:72:64:ea:b9:14,,,,
,803,S1G Beacon,2026-07-07T16:04:47.690642000Z,-11,,,9c:04:b6:46:07:34,,,,
,804,S1G Beacon,2026-07-07T16:04:48.449102000Z,-68,H7608,,78:72:64:ea:b9:14,,,,
,805,S1G Beacon,2026-07-07T16:04:48.511676000Z,-11,H7608,,9c:04:b6:46:07:34,,,,
,815,S1G Beacon,2026-07-07T16:04:49.329108000Z,-12,,,9c:04:b6:46:07:34,,,,
,816,S1G Beacon,2026-07-07T16:04:50.087557000Z,-69,H7608,,78:72:64:ea:b9:14,,,,
,818,S1G Beacon,2026-07-07T16:04:50.904973000Z,-70,,,78:72:64:ea:b9:14,,,,
,819,S1G Beacon,2026-07-07T16:04:50.967557000Z,-12,,,9c:04:b6:46:07:34,,,,
,820,S1G Beacon,2026-07-07T16:04:51.725998000Z,-70,H7608,,78:72:64:ea:b9:14,,,,
,821,S1G Beacon,2026-07-07T16:04:51.788570000Z,-12,H7608,,9c:04:b6:46:07:34,,,,
,822,S1G Beacon,2026-07-07T16:04:52.543425000Z,-72,,,78:72:64:ea:b9:14,,,,
,823,S1G Beacon,2026-07-07T16:04:52.605997000Z,-11,,,9c:04:b6:46:07:34,,,,
,824,S1G Beacon,2026-07-07T16:04:53.364451000Z,-70,H7608,,78:72:64:ea:b9:14,,,,
,825,S1G Beacon,2026-07-07T16:04:53.427020000Z,-11,H7608,,9c:04:b6:46:07:34,,,,
,834,S1G Beacon,2026-07-07T16:04:54.181870000Z,-71,,,78:72:64:ea:b9:14,,,,
,835,S1G Beacon,2026-07-07T16:04:54.244451000Z,-12,,,9c:04:b6:46:07:34,,,,
,837,S1G Beacon,2026-07-07T16:04:55.002894000Z,-71,H7608,,78:72:64:ea:b9:14,,,,
,838,S1G Beacon,2026-07-07T16:04:55.065472000Z,-11,H7608,,9c:04:b6:46:07:34,,,,
,839,S1G Beacon,2026-07-07T16:04:55.820318000Z,-71,,,78:72:64:ea:b9:14,,,,
,840,S1G Beacon,2026-07-07T16:04:55.882893000Z,-12,,,9c:04:b6:46:07:34,,,,
,842,S1G Beacon,2026-07-07T16:04:56.641360000Z,-70,H7608,,78:72:64:ea:b9:14,,,,
,843,S1G Beacon,2026-07-07T16:04:56.703923000Z,-12,H7608,,9c:04:b6:46:07:34,,,,
,848,S1G Beacon,2026-07-07T16:04:57.458781000Z,-70,,,78:72:64:ea:b9:14,,,,
,849,S1G Beacon,2026-07-07T16:04:57.521352000Z,-12,,,9c:04:b6:46:07:34,,,,
Deauthentication Attack,850,Deauthentication,2026-07-07T16:04:57.750957000Z,-62,,78:72:64:ea:b9:14,78:72:64:ea:b9:14,ff:ff:ff:ff:ff:ff,3,,Deauthentication frame number 1 sent by attacker
,852,S1G Beacon,2026-07-07T16:04:58.279805000Z,-70,H7608,,78:72:64:ea:b9:14,,,,
,853,S1G Beacon,2026-07-07T16:04:58.342375000Z,-13,H7608,,9c:04:b6:46:07:34,,,,
,854,S1G Beacon,2026-07-07T16:04:59.097224000Z,-70,,,78:72:64:ea:b9:14,,,,
,855,S1G Beacon,2026-07-07T16:04:59.159796000Z,-11,,,9c:04:b6:46:07:34,,,,
,857,S1G Beacon,2026-07-07T16:04:59.918248000Z,-70,H7608,,78:72:64:ea:b9:14,,,,
,858,S1G Beacon,2026-07-07T16:04:59.980819000Z,-11,H7608,,9c:04:b6:46:07:34,,,,
,859,Probe Request,2026-07-07T16:05:00.282140000Z,0,,ff:ff:ff:ff:ff:ff,3c:22:7f:71:dc:b8,ff:ff:ff:ff:ff:ff,,,STA is broadcasting probe request
,860,Probe Response,2026-07-07T16:05:00.291767000Z,-68,H7608,78:72:64:ea:b9:14,78:72:64:ea:b9:14,3c:22:7f:71:dc:b8,,,Trusted AP is sending probe response to STA
Evil Twin Attack,862,Probe Response,2026-07-07T16:05:00.296961000Z,-10,H7608,9c:04:b6:46:07:34,9c:04:b6:46:07:34,3c:22:7f:71:dc:b8,,,Evil Twin is sending probe response to STA
,864,S1G Beacon,2026-07-07T16:05:00.735683000Z,-72,,,78:72:64:ea:b9:14,,,,
,865,S1G Beacon,2026-07-07T16:05:00.798247000Z,-11,,,9c:04:b6:46:07:34,,,,
,866,S1G Beacon,2026-07-07T16:05:01.556703000Z,-73,H7608,,78:72:64:ea:b9:14,,,,
,867,S1G Beacon,2026-07-07T16:05:01.619268000Z,-13,H7608,,9c:04:b6:46:07:34,,,,
,868,S1G Beacon,2026-07-07T16:05:02.374127000Z,-77,,,78:72:64:ea:b9:14,,,,
,869,S1G Beacon,2026-07-07T16:05:02.436702000Z,-13,,,9c:04:b6:46:07:34,,,,
Evil Twin Attack,871,Authentication,2026-07-07T16:05:03.122011000Z,0,,9c:04:b6:46:07:34,3c:22:7f:71:dc:b8,9c:04:b6:46:07:34,,0,STA is Sending Authentication request to Evil Twin
Evil Twin Attack,873,Authentication,2026-07-07T16:05:03.124780000Z,-12,,9c:04:b6:46:07:34,9c:04:b6:46:07:34,3c:22:7f:71:dc:b8,,0,Successful Authentication to Evil Twin
Evil Twin Attack,875,Association Request,2026-07-07T16:05:03.142959000Z,0,H7608,9c:04:b6:46:07:34,3c:22:7f:71:dc:b8,9c:04:b6:46:07:34,,,STA is Sending association request to Evil Twin
Evil Twin Attack,877,Association Response,2026-07-07T16:05:03.149459000Z,-12,,9c:04:b6:46:07:34,9c:04:b6:46:07:34,3c:22:7f:71:dc:b8,,0,Successful association to Evil Twin
,884,S1G Beacon,2026-07-07T16:05:03.195148000Z,-75,H7608,,78:72:64:ea:b9:14,,,,
,885,S1G Beacon,2026-07-07T16:05:03.257720000Z,-13,H7608,,9c:04:b6:46:07:34,,,,
,892,S1G Beacon,2026-07-07T16:05:04.012575000Z,-75,,,78:72:64:ea:b9:14,,,,
,893,S1G Beacon,2026-07-07T16:05:04.075140000Z,-12,,,9c:04:b6:46:07:34,,,,
,895,S1G Beacon,2026-07-07T16:05:04.833593000Z,-73,H7608,,78:72:64:ea:b9:14,,,,
,896,S1G Beacon,2026-07-07T16:05:04.896165000Z,-12,H7608,,9c:04:b6:46:07:34,,,,
,900,S1G Beacon,2026-07-07T16:05:05.651016000Z,-75,,,78:72:64:ea:b9:14,,,,
,902,S1G Beacon,2026-07-07T16:05:05.713580000Z,-11,,,9c:04:b6:46:07:34,,,,
,910,S1G Beacon,2026-07-07T16:05:06.472047000Z,-75,H7608,,78:72:64:ea:b9:14,,,,
,912,S1G Beacon,2026-07-07T16:05:06.534609000Z,-11,H7608,,9c:04:b6:46:07:34,,,,
,916,S1G Beacon,2026-07-07T16:05:07.289469000Z,-74,,,78:72:64:ea:b9:14,,,,
,917,S1G Beacon,2026-07-07T16:05:07.352035000Z,-12,,,9c:04:b6:46:07:34,,,,
,921,S1G Beacon,2026-07-07T16:05:08.110495000Z,-75,H7608,,78:72:64:ea:b9:14,,,,
,924,S1G Beacon,2026-07-07T16:05:08.173064000Z,-13,H7608,,9c:04:b6:46:07:34,,,,
,926,S1G Beacon,2026-07-07T16:05:08.990479000Z,-11,,,9c:04:b6:46:07:34,,,,
,927,S1G Beacon,2026-07-07T16:05:09.811504000Z,-11,H7608,,9c:04:b6:46:07:34,,,,
,929,Probe Request,2026-07-07T16:05:10.547313000Z,0,,ff:ff:ff:ff:ff:ff,3c:22:7f:71:df:d6,ff:ff:ff:ff:ff:ff,,,STA is broadcasting probe request
Evil Twin Attack,930,Probe Response,2026-07-07T16:05:10.552317000Z,-13,H7608,9c:04:b6:46:07:34,9c:04:b6:46:07:34,3c:22:7f:71:df:d6,,,Evil Twin is sending probe response to STA
,932,Probe Response,2026-07-07T16:05:10.557664000Z,-68,H7608,78:72:64:ea:b9:14,78:72:64:ea:b9:14,3c:22:7f:71:df:d6,,,Trusted AP is sending probe response to STA
,934,S1G Beacon,2026-07-07T16:05:10.566365000Z,-73,,,78:72:64:ea:b9:14,,,,
,935,S1G Beacon,2026-07-07T16:05:10.628926000Z,-12,,,9c:04:b6:46:07:34,,,,
,936,S1G Beacon,2026-07-07T16:05:11.387416000Z,-76,H7608,,78:72:64:ea:b9:14,,,,
,937,S1G Beacon,2026-07-07T16:05:11.449958000Z,-11,H7608,,9c:04:b6:46:07:34,,,,
,942,S1G Beacon,2026-07-07T16:05:12.267379000Z,-13,,,9c:04:b6:46:07:34,,,,
,943,S1G Beacon,2026-07-07T16:05:13.025858000Z,-73,H7608,,78:72:64:ea:b9:14,,,,
,944,S1G Beacon,2026-07-07T16:05:13.088403000Z,-12,H7608,,9c:04:b6:46:07:34,,,,
Evil Twin Attack,945,Authentication,2026-07-07T16:05:13.440016000Z,0,,9c:04:b6:46:07:34,3c:22:7f:71:df:d6,9c:04:b6:46:07:34,,0,STA is Sending Authentication request to Evil Twin
Evil Twin Attack,947,Authentication,2026-07-07T16:05:13.442685000Z,-12,,9c:04:b6:46:07:34,9c:04:b6:46:07:34,3c:22:7f:71:df:d6,,0,Successful Authentication to Evil Twin
Evil Twin Attack,950,Association Request,2026-07-07T16:05:13.460545000Z,0,H7608,9c:04:b6:46:07:34,3c:22:7f:71:df:d6,9c:04:b6:46:07:34,,,STA is Sending association request to Evil Twin
Evil Twin Attack,952,Association Response,2026-07-07T16:05:13.468714000Z,-13,,9c:04:b6:46:07:34,9c:04:b6:46:07:34,3c:22:7f:71:df:d6,,0,Successful association to Evil Twin
,962,S1G Beacon,2026-07-07T16:05:13.843298000Z,-70,,,78:72:64:ea:b9:14,,,,
,967,S1G Beacon,2026-07-07T16:05:13.905841000Z,-13,,,9c:04:b6:46:07:34,,,,
,972,S1G Beacon,2026-07-07T16:05:14.664320000Z,-68,H7608,,78:72:64:ea:b9:14,,,,
,974,S1G Beacon,2026-07-07T16:05:14.726868000Z,-12,H7608,,9c:04:b6:46:07:34,,,,
,979,S1G Beacon,2026-07-07T16:05:15.481737000Z,-68,,,78:72:64:ea:b9:14,,,,
,980,S1G Beacon,2026-07-07T16:05:15.544294000Z,-12,,,9c:04:b6:46:07:34,,,,
,981,S1G Beacon,2026-07-07T16:05:16.302770000Z,-67,H7608,,78:72:64:ea:b9:14,,,,
,985,S1G Beacon,2026-07-07T16:05:16.365319000Z,-11,H7608,,9c:04:b6:46:07:34,,,,
,986,S1G Beacon,2026-07-07T16:05:17.120187000Z,-68,,,78:72:64:ea:b9:14,,,,
,987,S1G Beacon,2026-07-07T16:05:17.182739000Z,-12,,,9c:04:b6:46:07:34,,,,
,991,S1G Beacon,2026-07-07T16:05:17.941211000Z,-72,H7608,,78:72:64:ea:b9:14,,,,
,1007,S1G Beacon,2026-07-07T16:05:18.758636000Z,-72,,,78:72:64:ea:b9:14,,,,
,1008,S1G Beacon,2026-07-07T16:05:18.821186000Z,-13,,,9c:04:b6:46:07:34,,,,
,1011,S1G Beacon,2026-07-07T16:05:19.579660000Z,-71,H7608,,78:72:64:ea:b9:14,,,,
,1012,S1G Beacon,2026-07-07T16:05:19.642209000Z,-13,H7608,,9c:04:b6:46:07:34,,,,
,1013,S1G Beacon,2026-07-07T16:05:20.397093000Z,-71,,,78:72:64:ea:b9:14,,,,
,1014,S1G Beacon,2026-07-07T16:05:20.459636000Z,-12,,,9c:04:b6:46:07:34,,,,
,1018,S1G Beacon,2026-07-07T16:05:21.218111000Z,-72,H7608,,78:72:64:ea:b9:14,,,,
,1019,S1G Beacon,2026-07-07T16:05:21.280663000Z,-12,H7608,,9c:04:b6:46:07:34,,,,
,1024,S1G Beacon,2026-07-07T16:05:22.035536000Z,-70,,,78:72:64:ea:b9:14,,,,
,1025,S1G Beacon,2026-07-07T16:05:22.098087000Z,-12,,,9c:04:b6:46:07:34,,,,
,1030,S1G Beacon,2026-07-07T16:05:22.857033000Z,-74,H7608,,78:72:64:ea:b9:14,,,,
,1031,S1G Beacon,2026-07-07T16:05:22.919113000Z,-12,H7608,,9c:04:b6:46:07:34,,,,
,1032,S1G Beacon,2026-07-07T16:05:23.673988000Z,-70,,,78:72:64:ea:b9:14,,,,
,1033,S1G Beacon,2026-07-07T16:05:23.736532000Z,-12,,,9c:04:b6:46:07:34,,,,
,1039,S1G Beacon,2026-07-07T16:05:24.495021000Z,-69,H7608,,78:72:64:ea:b9:14,,,,
,1040,S1G Beacon,2026-07-07T16:05:24.557565000Z,-11,H7608,,9c:04:b6:46:07:34,,,,
,1041,S1G Beacon,2026-07-07T16:05:25.312438000Z,-70,,,78:72:64:ea:b9:14,,,,
,1044,S1G Beacon,2026-07-07T16:05:25.374983000Z,-13,,,9c:04:b6:46:07:34,,,,
,1047,S1G Beacon,2026-07-07T16:05:26.133457000Z,-69,H7608,,78:72:64:ea:b9:14,,,,
,1048,S1G Beacon,2026-07-07T16:05:26.196001000Z,-12,H7608,,9c:04:b6:46:07:34,,,,
,1056,S1G Beacon,2026-07-07T16:05:26.950884000Z,-70,,,78:72:64:ea:b9:14,,,,
,1058,S1G Beacon,2026-07-07T16:05:27.013430000Z,-11,,,9c:04:b6:46:07:34,,,,
,1066,S1G Beacon,2026-07-07T16:05:27.771912000Z,-68,H7608,,78:72:64:ea:b9:14,,,,
,1068,S1G Beacon,2026-07-07T16:05:27.834457000Z,-13,H7608,,9c:04:b6:46:07:34,,,,
,1071,S1G Beacon,2026-07-07T16:05:28.589339000Z,-71,,,78:72:64:ea:b9:14,,,,
,1072,S1G Beacon,2026-07-07T16:05:28.651881000Z,-12,,,9c:04:b6:46:07:34,,,,
,1073,S1G Beacon,2026-07-07T16:05:29.410366000Z,-74,H7608,,78:72:64:ea:b9:14,,,,
,1074,S1G Beacon,2026-07-07T16:05:29.472915000Z,-12,H7608,,9c:04:b6:46:07:34,,,,
,1077,S1G Beacon,2026-07-07T16:05:30.227787000Z,-66,,,78:72:64:ea:b9:14,,,,
,1078,S1G Beacon,2026-07-07T16:05:30.290328000Z,-10,,,9c:04:b6:46:07:34,,,,
,1080,S1G Beacon,2026-07-07T16:05:31.048815000Z,-69,H7608,,78:72:64:ea:b9:14,,,,
,1081,S1G Beacon,2026-07-07T16:05:31.111612000Z,-13,H7608,,9c:04:b6:46:07:34,,,,
,1084,S1G Beacon,2026-07-07T16:05:31.866237000Z,-69,,,78:72:64:ea:b9:14,,,,
,1085,S1G Beacon,2026-07-07T16:05:31.928774000Z,-11,,,9c:04:b6:46:07:34,,,,
,1086,S1G Beacon,2026-07-07T16:05:32.687269000Z,-68,H7608,,78:72:64:ea:b9:14,,,,
,1087,S1G Beacon,2026-07-07T16:05:32.749802000Z,-12,H7608,,9c:04:b6:46:07:34,,,,
,1089,S1G Beacon,2026-07-07T16:05:33.504686000Z,-72,,,78:72:64:ea:b9:14,,,,
,1090,S1G Beacon,2026-07-07T16:05:33.567219000Z,-12,,,9c:04:b6:46:07:34,,,,
,1093,S1G Beacon,2026-07-07T16:05:34.325719000Z,-65,H7608,,78:72:64:ea:b9:14,,,,
,1094,S1G Beacon,2026-07-07T16:05:34.388252000Z,-11,H7608,,9c:04:b6:46:07:34,,,,
,1095,S1G Beacon,2026-07-07T16:05:35.143136000Z,-65,,,78:72:64:ea:b9:14,,,,
,1096,S1G Beacon,2026-07-07T16:05:35.205677000Z,-13,,,9c:04:b6:46:07:34,,,,
,1101,S1G Beacon,2026-07-07T16:05:35.964160000Z,-68,H7608,,78:72:64:ea:b9:14,,,,
,1102,S1G Beacon,2026-07-07T16:05:36.026699000Z,-12,H7608,,9c:04:b6:46:07:34,,,,
,1105,S1G Beacon,2026-07-07T16:05:36.781594000Z,-67,,,78:72:64:ea:b9:14,,,,
,1106,S1G Beacon,2026-07-07T16:05:36.844123000Z,-12,,,9c:04:b6:46:07:34,,,,
,1110,S1G Beacon,2026-07-07T16:05:37.602616000Z,-68,H7608,,78:72:64:ea:b9:14,,,,
,1111,S1G Beacon,2026-07-07T16:05:37.665154000Z,-10,H7608,,9c:04:b6:46:07:34,,,,
,1114,S1G Beacon,2026-07-07T16:05:38.420036000Z,-69,,,78:72:64:ea:b9:14,,,,
,1115,S1G Beacon,2026-07-07T16:05:38.482569000Z,-11,,,9c:04:b6:46:07:34,,,,
,1117,S1G Beacon,2026-07-07T16:05:39.241063000Z,-69,H7608,,78:72:64:ea:b9:14,,,,
,1118,S1G Beacon,2026-07-07T16:05:39.303596000Z,-12,H7608,,9c:04:b6:46:07:34,,,,
,1121,S1G Beacon,2026-07-07T16:05:40.058486000Z,-69,,,78:72:64:ea:b9:14,,,,
,1122,S1G Beacon,2026-07-07T16:05:40.121017000Z,-11,,,9c:04:b6:46:07:34,,,,
,1123,S1G Beacon,2026-07-07T16:05:40.879536000Z,-74,H7608,,78:72:64:ea:b9:14,,,,
,1124,S1G Beacon,2026-07-07T16:05:40.942033000Z,-11,H7608,,9c:04:b6:46:07:34,,,,
,1127,S1G Beacon,2026-07-07T16:05:41.696924000Z,-68,,,78:72:64:ea:b9:14,,,,
,1128,S1G Beacon,2026-07-07T16:05:41.759451000Z,-12,,,9c:04:b6:46:07:34,,,,
,1130,S1G Beacon,2026-07-07T16:05:42.517974000Z,-69,H7608,,78:72:64:ea:b9:14,,,,
,1131,S1G Beacon,2026-07-07T16:05:42.580495000Z,-10,H7608,,9c:04:b6:46:07:34,,,,
,1134,S1G Beacon,2026-07-07T16:05:43.335394000Z,-68,,,78:72:64:ea:b9:14,,,,
,1135,S1G Beacon,2026-07-07T16:05:43.397918000Z,-12,,,9c:04:b6:46:07:34,,,,
,1136,S1G Beacon,2026-07-07T16:05:44.156424000Z,-68,H7608,,78:72:64:ea:b9:14,,,,
,1137,S1G Beacon,2026-07-07T16:05:44.218942000Z,-13,H7608,,9c:04:b6:46:07:34,,,,
,1141,S1G Beacon,2026-07-07T16:05:44.973836000Z,-71,,,78:72:64:ea:b9:14,,,,
,1142,S1G Beacon,2026-07-07T16:05:45.036376000Z,-12,,,9c:04:b6:46:07:34,,,,
,1146,S1G Beacon,2026-07-07T16:05:46.612287000Z,-69,,,78:72:64:ea:b9:14,,,,
,1147,S1G Beacon,2026-07-07T16:05:46.674815000Z,-10,,,9c:04:b6:46:07:34,,,,
,1151,S1G Beacon,2026-07-07T16:05:47.433314000Z,-67,H7608,,78:72:64:ea:b9:14,,,,
,1152,S1G Beacon,2026-07-07T16:05:47.495843000Z,-11,H7608,,9c:04:b6:46:07:34,,,,
,1160,S1G Beacon,2026-07-07T16:05:48.250735000Z,-67,,,78:72:64:ea:b9:14,,,,
,1162,S1G Beacon,2026-07-07T16:05:48.313261000Z,-11,,,9c:04:b6:46:07:34,,,,
,1170,S1G Beacon,2026-07-07T16:05:49.071757000Z,-68,H7608,,78:72:64:ea:b9:14,,,,
,1171,S1G Beacon,2026-07-07T16:05:49.134287000Z,-12,H7608,,9c:04:b6:46:07:34,,,,
,1172,S1G Beacon,2026-07-07T16:05:49.889191000Z,-72,,,78:72:64:ea:b9:14,,,,
,1173,S1G Beacon,2026-07-07T16:05:49.951704000Z,-13,,,9c:04:b6:46:07:34,,,,
,1180,S1G Beacon,2026-07-07T16:05:50.710215000Z,-69,H7608,,78:72:64:ea:b9:14,,,,
,1181,S1G Beacon,2026-07-07T16:05:50.773257000Z,-12,H7608,,9c:04:b6:46:07:34,,,,
,1184,S1G Beacon,2026-07-07T16:05:51.590144000Z,-12,,,9c:04:b6:46:07:34,,,,
,1187,S1G Beacon,2026-07-07T16:05:52.348655000Z,-70,H7608,,78:72:64:ea:b9:14,,,,
,1188,S1G Beacon,2026-07-07T16:05:52.411171000Z,-11,H7608,,9c:04:b6:46:07:34,,,,
,1189,S1G Beacon,2026-07-07T16:05:53.166073000Z,-68,,,78:72:64:ea:b9:14,,,,
,1190,S1G Beacon,2026-07-07T16:05:53.228590000Z,-12,,,9c:04:b6:46:07:34,,,,
,1191,S1G Beacon,2026-07-07T16:05:53.987109000Z,-67,H7608,,78:72:64:ea:b9:14,,,,
,1194,S1G Beacon,2026-07-07T16:05:54.049617000Z,-11,H7608,,9c:04:b6:46:07:34,,,,
,1197,S1G Beacon,2026-07-07T16:05:54.804534000Z,-68,,,78:72:64:ea:b9:14,,,,
,1198,S1G Beacon,2026-07-07T16:05:54.867046000Z,-10,,,9c:04:b6:46:07:34,,,,
,1199,S1G Beacon,2026-07-07T16:05:55.688078000Z,-11,H7608,,9c:04:b6:46:07:34,,,,
,1202,S1G Beacon,2026-07-07T16:05:56.505504000Z,-11,,,9c:04:b6:46:07:34,,,,
,1205,S1G Beacon,2026-07-07T16:05:57.326516000Z,-10,H7608,,9c:04:b6:46:07:34,,,,
,1208,S1G Beacon,2026-07-07T16:05:58.143940000Z,-12,,,9c:04:b6:46:07:34,,,,
,1211,S1G Beacon,2026-07-07T16:05:58.964967000Z,-11,H7608,,9c:04:b6:46:07:34,,,,
,1215,S1G Beacon,2026-07-07T16:06:00.603416000Z,-12,H7608,,9c:04:b6:46:07:34,,,,
,1217,S1G Beacon,2026-07-07T16:06:01.420836000Z,-12,,,9c:04:b6:46:07:34,,,,
,1220,S1G Beacon,2026-07-07T16:06:02.241862000Z,-12,H7608,,9c:04:b6:46:07:34,,,,
,1221,S1G Beacon,2026-07-07T16:06:02.996785000Z,-74,,,78:72:64:ea:b9:14,,,,
,1223,S1G Beacon,2026-07-07T16:06:03.059280000Z,-11,,,9c:04:b6:46:07:34,,,,
,1225,S1G Beacon,2026-07-07T16:06:03.880322000Z,-11,H7608,,9c:04:b6:46:07:34,,,,
,1227,S1G Beacon,2026-07-07T16:06:04.697727000Z,-10,,,9c:04:b6:46:07:34,,,,
,1230,S1G Beacon,2026-07-07T16:06:05.456254000Z,-74,H7608,,78:72:64:ea:b9:14,,,,
,1231,S1G Beacon,2026-07-07T16:06:05.518757000Z,-12,H7608,,9c:04:b6:46:07:34,,,,
,1233,S1G Beacon,2026-07-07T16:06:06.273670000Z,-72,,,78:72:64:ea:b9:14,,,,
,1234,S1G Beacon,2026-07-07T16:06:06.336182000Z,-12,,,9c:04:b6:46:07:34,,,,
,1238,S1G Beacon,2026-07-07T16:06:07.094716000Z,-75,H7608,,78:72:64:ea:b9:14,,,,
,1239,S1G Beacon,2026-07-07T16:06:07.157225000Z,-11,H7608,,9c:04:b6:46:07:34,,,,
,1242,S1G Beacon,2026-07-07T16:06:07.912142000Z,-69,,,78:72:64:ea:b9:14,,,,
,1243,S1G Beacon,2026-07-07T16:06:07.974642000Z,-12,,,9c:04:b6:46:07:34,,,,
,1247,S1G Beacon,2026-07-07T16:06:08.733163000Z,-72,H7608,,78:72:64:ea:b9:14,,,,
,1249,S1G Beacon,2026-07-07T16:06:08.795671000Z,-11,H7608,,9c:04:b6:46:07:34,,,,
,1260,S1G Beacon,2026-07-07T16:06:09.550584000Z,-68,,,78:72:64:ea:b9:14,,,,
,1262,S1G Beacon,2026-07-07T16:06:09.613092000Z,-13,,,9c:04:b6:46:07:34,,,,
,1265,S1G Beacon,2026-07-07T16:06:10.371619000Z,-69,H7608,,78:72:64:ea:b9:14,,,,
,1266,S1G Beacon,2026-07-07T16:06:10.434120000Z,-12,H7608,,9c:04:b6:46:07:34,,,,
,1269,S1G Beacon,2026-07-07T16:06:11.251557000Z,-13,,,9c:04:b6:46:07:34,,,,
,1270,S1G Beacon,2026-07-07T16:06:12.072578000Z,-12,H7608,,9c:04:b6:46:07:34,,,,
,1274,S1G Beacon,2026-07-07T16:06:12.889991000Z,-11,,,9c:04:b6:46:07:34,,,,
,1276,S1G Beacon,2026-07-07T16:06:13.711019000Z,-11,H7608,,9c:04:b6:46:07:34,,,,
,1278,S1G Beacon,2026-07-07T16:06:14.528440000Z,-12,,,9c:04:b6:46:07:34,,,,
,1284,S1G Beacon,2026-07-07T16:06:15.349474000Z,-12,H7608,,9c:04:b6:46:07:34,,,,
,1285,S1G Beacon,2026-07-07T16:06:16.166893000Z,-11,,,9c:04:b6:46:07:34,,,,
,1288,S1G Beacon,2026-07-07T16:06:16.987917000Z,-10,H7608,,9c:04:b6:46:07:34,,,,
,1289,S1G Beacon,2026-07-07T16:06:17.805870000Z,-12,,,9c:04:b6:46:07:34,,,,
,1293,S1G Beacon,2026-07-07T16:06:18.626377000Z,-12,H7608,,9c:04:b6:46:07:34,,,,
,1296,S1G Beacon,2026-07-07T16:06:19.443783000Z,-13,,,9c:04:b6:46:07:34,,,,
,1297,S1G Beacon,2026-07-07T16:06:20.202310000Z,-71,H7608,,78:72:64:ea:b9:14,,,,
,1298,S1G Beacon,2026-07-07T16:06:20.264809000Z,-12,H7608,,9c:04:b6:46:07:34,,,,
,1302,S1G Beacon,2026-07-07T16:06:21.019736000Z,-69,,,78:72:64:ea:b9:14,,,,
,1303,S1G Beacon,2026-07-07T16:06:21.082227000Z,-12,,,9c:04:b6:46:07:34,,,,
,1305,S1G Beacon,2026-07-07T16:06:21.840774000Z,-69,H7608,,78:72:64:ea:b9:14,,,,
,1306,S1G Beacon,2026-07-07T16:06:21.903260000Z,-13,H7608,,9c:04:b6:46:07:34,,,,
,1310,S1G Beacon,2026-07-07T16:06:22.658189000Z,-71,,,78:72:64:ea:b9:14,,,,
,1311,S1G Beacon,2026-07-07T16:06:22.720682000Z,-13,,,9c:04:b6:46:07:34,,,,
,1312,S1G Beacon,2026-07-07T16:06:23.479216000Z,-72,H7608,,78:72:64:ea:b9:14,,,,
,1313,S1G Beacon,2026-07-07T16:06:23.541710000Z,-13,H7608,,9c:04:b6:46:07:34,,,,
,1318,S1G Beacon,2026-07-07T16:06:24.296641000Z,-71,,,78:72:64:ea:b9:14,,,,
,1320,S1G Beacon,2026-07-07T16:06:24.359129000Z,-12,,,9c:04:b6:46:07:34,,,,
,1321,S1G Beacon,2026-07-07T16:06:25.117678000Z,-66,H7608,,78:72:64:ea:b9:14,,,,
,1322,S1G Beacon,2026-07-07T16:06:25.180155000Z,-12,H7608,,9c:04:b6:46:07:34,,,,
,1325,S1G Beacon,2026-07-07T16:06:25.935101000Z,-63,,,78:72:64:ea:b9:14,,,,
,1326,S1G Beacon,2026-07-07T16:06:25.997575000Z,-12,,,9c:04:b6:46:07:34,,,,
,1328,S1G Beacon,2026-07-07T16:06:26.756123000Z,-66,H7608,,78:72:64:ea:b9:14,,,,
,1329,S1G Beacon,2026-07-07T16:06:26.818608000Z,-13,H7608,,9c:04:b6:46:07:34,,,,
,1333,S1G Beacon,2026-07-07T16:06:27.573533000Z,-66,,,78:72:64:ea:b9:14,,,,
,1334,S1G Beacon,2026-07-07T16:06:27.636024000Z,-13,,,9c:04:b6:46:07:34,,,,
,1337,S1G Beacon,2026-07-07T16:06:28.394565000Z,-66,H7608,,78:72:64:ea:b9:14,,,,
,1338,S1G Beacon,2026-07-07T16:06:28.457052000Z,-12,H7608,,9c:04:b6:46:07:34,,,,
,1339,S1G Beacon,2026-07-07T16:06:29.211995000Z,-64,,,78:72:64:ea:b9:14,,,,
,1340,S1G Beacon,2026-07-07T16:06:29.274476000Z,-12,,,9c:04:b6:46:07:34,,,,
,1348,S1G Beacon,2026-07-07T16:06:30.033017000Z,-64,H7608,,78:72:64:ea:b9:14,,,,
,1350,S1G Beacon,2026-07-07T16:06:30.095503000Z,-11,H7608,,9c:04:b6:46:07:34,,,,
,1359,S1G Beacon,2026-07-07T16:06:30.850437000Z,-66,,,78:72:64:ea:b9:14,,,,
,1360,S1G Beacon,2026-07-07T16:06:30.912925000Z,-13,,,9c:04:b6:46:07:34,,,,
,1363,S1G Beacon,2026-07-07T16:06:31.671465000Z,-66,H7608,,78:72:64:ea:b9:14,,,,
,1364,S1G Beacon,2026-07-07T16:06:31.733950000Z,-13,H7608,,9c:04:b6:46:07:34,,,,
,1365,S1G Beacon,2026-07-07T16:06:32.488897000Z,-68,,,78:72:64:ea:b9:14,,,,
,1369,S1G Beacon,2026-07-07T16:06:33.309918000Z,-66,H7608,,78:72:64:ea:b9:14,,,,
,1370,S1G Beacon,2026-07-07T16:06:33.372397000Z,-13,H7608,,9c:04:b6:46:07:34,,,,
,1371,S1G Beacon,2026-07-07T16:06:34.127345000Z,-60,,,78:72:64:ea:b9:14,,,,
,1372,S1G Beacon,2026-07-07T16:06:34.189820000Z,-12,,,9c:04:b6:46:07:34,,,,
,1373,S1G Beacon,2026-07-07T16:06:34.948369000Z,-64,H7608,,78:72:64:ea:b9:14,,,,
,1374,S1G Beacon,2026-07-07T16:06:35.010849000Z,-12,H7608,,9c:04:b6:46:07:34,,,,
,1378,S1G Beacon,2026-07-07T16:06:35.765792000Z,-64,,,78:72:64:ea:b9:14,,,,
,1380,S1G Beacon,2026-07-07T16:06:35.828261000Z,-13,,,9c:04:b6:46:07:34,,,,
,1382,S1G Beacon,2026-07-07T16:06:36.586822000Z,-68,H7608,,78:72:64:ea:b9:14,,,,
,1383,S1G Beacon,2026-07-07T16:06:36.649298000Z,-12,H7608,,9c:04:b6:46:07:34,,,,
,1398,S1G Beacon,2026-07-07T16:06:37.404240000Z,-66,,,78:72:64:ea:b9:14,,,,
,1399,S1G Beacon,2026-07-07T16:06:37.466721000Z,-13,,,9c:04:b6:46:07:34,,,,
,1402,S1G Beacon,2026-07-07T16:06:38.225265000Z,-67,H7608,,78:72:64:ea:b9:14,,,,
,1403,S1G Beacon,2026-07-07T16:06:38.287747000Z,-13,H7608,,9c:04:b6:46:07:34,,,,
,1408,S1G Beacon,2026-07-07T16:06:39.042688000Z,-68,,,78:72:64:ea:b9:14,,,,
,1409,S1G Beacon,2026-07-07T16:06:39.105170000Z,-12,,,9c:04:b6:46:07:34,,,,
,1413,S1G Beacon,2026-07-07T16:06:39.863714000Z,-66,H7608,,78:72:64:ea:b9:14,,,,
,1414,S1G Beacon,2026-07-07T16:06:39.926191000Z,-13,H7608,,9c:04:b6:46:07:34,,,,
,1415,S1G Beacon,2026-07-07T16:06:40.681139000Z,-68,,,78:72:64:ea:b9:14,,,,
,1416,S1G Beacon,2026-07-07T16:06:40.743615000Z,-13,,,9c:04:b6:46:07:34,,,,
,1419,S1G Beacon,2026-07-07T16:06:41.502173000Z,-67,H7608,,78:72:64:ea:b9:14,,,,
,1420,S1G Beacon,2026-07-07T16:06:41.564643000Z,-13,H7608,,9c:04:b6:46:07:34,,,,
,1421,S1G Beacon,2026-07-07T16:06:42.319593000Z,-65,,,78:72:64:ea:b9:14,,,,
,1423,S1G Beacon,2026-07-07T16:06:42.382061000Z,-14,,,9c:04:b6:46:07:34,,,,
,1426,S1G Beacon,2026-07-07T16:06:43.140615000Z,-68,H7608,,78:72:64:ea:b9:14,,,,
,1427,S1G Beacon,2026-07-07T16:06:43.203086000Z,-15,H7608,,9c:04:b6:46:07:34,,,,
,1428,S1G Beacon,2026-07-07T16:06:43.958040000Z,-69,,,78:72:64:ea:b9:14,,,,
,1429,S1G Beacon,2026-07-07T16:06:44.020511000Z,-13,,,9c:04:b6:46:07:34,,,,
,1432,S1G Beacon,2026-07-07T16:06:44.841544000Z,-14,H7608,,9c:04:b6:46:07:34,,,,
,1434,S1G Beacon,2026-07-07T16:06:45.596488000Z,-75,,,78:72:64:ea:b9:14,,,,
,1435,S1G Beacon,2026-07-07T16:06:45.658960000Z,-16,,,9c:04:b6:46:07:34,,,,
,1437,S1G Beacon,2026-07-07T16:06:46.417535000Z,-66,H7608,,78:72:64:ea:b9:14,,,,
,1438,S1G Beacon,2026-07-07T16:06:46.479987000Z,-15,H7608,,9c:04:b6:46:07:34,,,,
,1439,S1G Beacon,2026-07-07T16:06:47.234936000Z,-68,,,78:72:64:ea:b9:14,,,,
,1440,S1G Beacon,2026-07-07T16:06:47.297829000Z,-15,,,9c:04:b6:46:07:34,,,,
,1443,S1G Beacon,2026-07-07T16:06:48.055966000Z,-68,H7608,,78:72:64:ea:b9:14,,,,
,1444,S1G Beacon,2026-07-07T16:06:48.118437000Z,-13,H7608,,9c:04:b6:46:07:34,,,,
,1448,S1G Beacon,2026-07-07T16:06:48.873395000Z,-70,,,78:72:64:ea:b9:14,,,,
,1449,S1G Beacon,2026-07-07T16:06:48.935855000Z,-14,,,9c:04:b6:46:07:34,,,,
,1451,S1G Beacon,2026-07-07T16:06:49.694415000Z,-67,H7608,,78:72:64:ea:b9:14,,,,
,1452,S1G Beacon,2026-07-07T16:06:49.756890000Z,-14,H7608,,9c:04:b6:46:07:34,,,,
,1455,S1G Beacon,2026-07-07T16:06:50.511838000Z,-68,,,78:72:64:ea:b9:14,,,,
,1457,S1G Beacon,2026-07-07T16:06:50.574300000Z,-16,,,9c:04:b6:46:07:34,,,,
,1463,S1G Beacon,2026-07-07T16:06:51.332865000Z,-67,H7608,,78:72:64:ea:b9:14,,,,
,1465,S1G Beacon,2026-07-07T16:06:51.395329000Z,-15,H7608,,9c:04:b6:46:07:34,,,,
,1473,S1G Beacon,2026-07-07T16:06:52.150288000Z,-67,,,78:72:64:ea:b9:14,,,,
,1474,S1G Beacon,2026-07-07T16:06:52.212755000Z,-16,,,9c:04:b6:46:07:34,,,,
,1475,S1G Beacon,2026-07-07T16:06:52.971304000Z,-67,H7608,,78:72:64:ea:b9:14,,,,
,1476,S1G Beacon,2026-07-07T16:06:53.034025000Z,-13,H7608,,9c:04:b6:46:07:34,,,,
,1478,S1G Beacon,2026-07-07T16:06:53.788735000Z,-67,,,78:72:64:ea:b9:14,,,,
,1479,S1G Beacon,2026-07-07T16:06:53.851190000Z,-15,,,9c:04:b6:46:07:34,,,,
,1481,S1G Beacon,2026-07-07T16:06:54.609754000Z,-65,H7608,,78:72:64:ea:b9:14,,,,
,1482,S1G Beacon,2026-07-07T16:06:54.672214000Z,-16,H7608,,9c:04:b6:46:07:34,,,,
,1483,S1G Beacon,2026-07-07T16:06:55.427198000Z,-67,,,78:72:64:ea:b9:14,,,,
,1484,S1G Beacon,2026-07-07T16:06:55.489651000Z,-15,,,9c:04:b6:46:07:34,,,,
,1487,S1G Beacon,2026-07-07T16:06:56.248219000Z,-66,H7608,,78:72:64:ea:b9:14,,,,
,1488,S1G Beacon,2026-07-07T16:06:56.310675000Z,-15,H7608,,9c:04:b6:46:07:34,,,,
,1489,S1G Beacon,2026-07-07T16:06:57.065627000Z,-67,,,78:72:64:ea:b9:14,,,,
,1490,S1G Beacon,2026-07-07T16:06:57.128084000Z,-14,,,9c:04:b6:46:07:34,,,,
,1494,S1G Beacon,2026-07-07T16:06:57.886660000Z,-66,H7608,,78:72:64:ea:b9:14,,,,
,1495,S1G Beacon,2026-07-07T16:06:57.949116000Z,-13,H7608,,9c:04:b6:46:07:34,,,,
,1496,S1G Beacon,2026-07-07T16:06:58.704074000Z,-67,,,78:72:64:ea:b9:14,,,,
,1497,S1G Beacon,2026-07-07T16:06:58.766531000Z,-16,,,9c:04:b6:46:07:34,,,,
,1500,S1G Beacon,2026-07-07T16:06:59.525112000Z,-65,H7608,,78:72:64:ea:b9:14,,,,
,1501,S1G Beacon,2026-07-07T16:06:59.587566000Z,-15,H7608,,9c:04:b6:46:07:34,,,,
,1509,S1G Beacon,2026-07-07T16:07:00.404976000Z,-16,,,9c:04:b6:46:07:34,,,,
,1511,S1G Beacon,2026-07-07T16:07:01.226011000Z,-14,H7608,,9c:04:b6:46:07:34,,,,
,1514,S1G Beacon,2026-07-07T16:07:01.980967000Z,-66,,,78:72:64:ea:b9:14,,,,
,1515,S1G Beacon,2026-07-07T16:07:02.043430000Z,-14,,,9c:04:b6:46:07:34,,,,
,1516,S1G Beacon,2026-07-07T16:07:02.802006000Z,-66,H7608,,78:72:64:ea:b9:14,,,,
,1517,S1G Beacon,2026-07-07T16:07:02.864455000Z,-16,H7608,,9c:04:b6:46:07:34,,,,
,1535,S1G Beacon,2026-07-07T16:07:03.619424000Z,-65,,,78:72:64:ea:b9:14,,,,
,1536,S1G Beacon,2026-07-07T16:07:03.681882000Z,-13,,,9c:04:b6:46:07:34,,,,
,1537,S1G Beacon,2026-07-07T16:07:04.440450000Z,-65,H7608,,78:72:64:ea:b9:14,,,,
,1538,S1G Beacon,2026-07-07T16:07:04.502906000Z,-13,H7608,,9c:04:b6:46:07:34,,,,
,1543,S1G Beacon,2026-07-07T16:07:05.257878000Z,-68,,,78:72:64:ea:b9:14,,,,
,1544,S1G Beacon,2026-07-07T16:07:05.320324000Z,-15,,,9c:04:b6:46:07:34,,,,
,1545,S1G Beacon,2026-07-07T16:07:06.078902000Z,-67,H7608,,78:72:64:ea:b9:14,,,,
,1546,S1G Beacon,2026-07-07T16:07:06.141390000Z,-15,H7608,,9c:04:b6:46:07:34,,,,
,1552,S1G Beacon,2026-07-07T16:07:06.896324000Z,-68,,,78:72:64:ea:b9:14,,,,
,1553,S1G Beacon,2026-07-07T16:07:06.958771000Z,-13,,,9c:04:b6:46:07:34,,,,
,1554,S1G Beacon,2026-07-07T16:07:07.717353000Z,-67,H7608,,78:72:64:ea:b9:14,,,,
,1555,S1G Beacon,2026-07-07T16:07:07.779803000Z,-12,H7608,,9c:04:b6:46:07:34,,,,
,1558,S1G Beacon,2026-07-07T16:07:08.534786000Z,-68,,,78:72:64:ea:b9:14,,,,
,1559,S1G Beacon,2026-07-07T16:07:08.597220000Z,-14,,,9c:04:b6:46:07:34,,,,
,1560,S1G Beacon,2026-07-07T16:07:09.355812000Z,-69,H7608,,78:72:64:ea:b9:14,,,,
,1563,S1G Beacon,2026-07-07T16:07:09.418254000Z,-13,H7608,,9c:04:b6:46:07:34,,,,
,1565,S1G Beacon,2026-07-07T16:07:10.173228000Z,-65,,,78:72:64:ea:b9:14,,,,
,1566,S1G Beacon,2026-07-07T16:07:10.235670000Z,-13,,,9c:04:b6:46:07:34,,,,
,1569,S1G Beacon,2026-07-07T16:07:10.994257000Z,-65,H7608,,78:72:64:ea:b9:14,,,,
,1570,S1G Beacon,2026-07-07T16:07:11.056703000Z,-13,H7608,,9c:04:b6:46:07:34,,,,
,1574,S1G Beacon,2026-07-07T16:07:11.811671000Z,-68,,,78:72:64:ea:b9:14,,,,
,1576,S1G Beacon,2026-07-07T16:07:11.874121000Z,-13,,,9c:04:b6:46:07:34,,,,
,1587,S1G Beacon,2026-07-07T16:07:12.632704000Z,-66,H7608,,78:72:64:ea:b9:14,,,,
,1588,S1G Beacon,2026-07-07T16:07:12.695150000Z,-12,H7608,,9c:04:b6:46:07:34,,,,
,1591,S1G Beacon,2026-07-07T16:07:13.450136000Z,-65,,,78:72:64:ea:b9:14,,,,
,1593,S1G Beacon,2026-07-07T16:07:13.512568000Z,-13,,,9c:04:b6:46:07:34,,,,
,1602,S1G Beacon,2026-07-07T16:07:14.271151000Z,-65,H7608,,78:72:64:ea:b9:14,,,,
,1603,S1G Beacon,2026-07-07T16:07:14.333592000Z,-12,H7608,,9c:04:b6:46:07:34,,,,
,1605,S1G Beacon,2026-07-07T16:07:15.088581000Z,-64,,,78:72:64:ea:b9:14,,,,
,1606,S1G Beacon,2026-07-07T16:07:15.151017000Z,-12,,,9c:04:b6:46:07:34,,,,
,1608,S1G Beacon,2026-07-07T16:07:15.909603000Z,-66,H7608,,78:72:64:ea:b9:14,,,,
,1609,S1G Beacon,2026-07-07T16:07:15.972041000Z,-12,H7608,,9c:04:b6:46:07:34,,,,
,1612,S1G Beacon,2026-07-07T16:07:16.727028000Z,-65,,,78:72:64:ea:b9:14,,,,
,1614,S1G Beacon,2026-07-07T16:07:17.548058000Z,-64,H7608,,78:72:64:ea:b9:14,,,,
,1615,S1G Beacon,2026-07-07T16:07:17.610504000Z,-12,H7608,,9c:04:b6:46:07:34,,,,
,1624,S1G Beacon,2026-07-07T16:07:18.365475000Z,-66,,,78:72:64:ea:b9:14,,,,
,1625,S1G Beacon,2026-07-07T16:07:18.427919000Z,-12,,,9c:04:b6:46:07:34,,,,
,1627,S1G Beacon,2026-07-07T16:07:19.186500000Z,-65,H7608,,78:72:64:ea:b9:14,,,,
,1628,S1G Beacon,2026-07-07T16:07:19.248946000Z,-13,H7608,,9c:04:b6:46:07:34,,,,
,1632,S1G Beacon,2026-07-07T16:07:20.003924000Z,-66,,,78:72:64:ea:b9:14,,,,
,1633,S1G Beacon,2026-07-07T16:07:20.066361000Z,-13,,,9c:04:b6:46:07:34,,,,
Deauthentication Attack,1634,Deauthentication,2026-07-07T16:07:20.622307000Z,-65,,78:72:64:ea:b9:14,78:72:64:ea:b9:14,ff:ff:ff:ff:ff:ff,3,,Deauthentication frame number 1 sent by attacker
,1635,S1G Beacon,2026-07-07T16:07:20.824959000Z,-65,H7608,,78:72:64:ea:b9:14,,,,
,1646,S1G Beacon,2026-07-07T16:07:20.887389000Z,-13,H7608,,9c:04:b6:46:07:34,,,,
,1647,S1G Beacon,2026-07-07T16:07:21.642374000Z,-65,,,78:72:64:ea:b9:14,,,,
,1649,S1G Beacon,2026-07-07T16:07:21.704808000Z,-14,,,9c:04:b6:46:07:34,,,,
,1660,S1G Beacon,2026-07-07T16:07:22.463404000Z,-69,H7608,,78:72:64:ea:b9:14,,,,
,1661,S1G Beacon,2026-07-07T16:07:22.525836000Z,-14,H7608,,9c:04:b6:46:07:34,,,,
,1662,S1G Beacon,2026-07-07T16:07:23.280824000Z,-66,,,78:72:64:ea:b9:14,,,,
,1663,S1G Beacon,2026-07-07T16:07:23.343257000Z,-14,,,9c:04:b6:46:07:34,,,,
,1671,S1G Beacon,2026-07-07T16:07:24.101853000Z,-68,H7608,,78:72:64:ea:b9:14,,,,
,1673,S1G Beacon,2026-07-07T16:07:24.164286000Z,-13,H7608,,9c:04:b6:46:07:34,,,,
,1675,S1G Beacon,2026-07-07T16:07:24.919278000Z,-69,,,78:72:64:ea:b9:14,,,,
,1676,S1G Beacon,2026-07-07T16:07:24.981707000Z,-14,,,9c:04:b6:46:07:34,,,,
,1687,S1G Beacon,2026-07-07T16:07:25.740309000Z,-67,H7608,,78:72:64:ea:b9:14,,,,
,1688,S1G Beacon,2026-07-07T16:07:25.802735000Z,-13,H7608,,9c:04:b6:46:07:34,,,,
,1689,S1G Beacon,2026-07-07T16:07:26.557737000Z,-67,,,78:72:64:ea:b9:14,,,,
,1690,S1G Beacon,2026-07-07T16:07:26.620161000Z,-13,,,9c:04:b6:46:07:34,,,,
,1702,S1G Beacon,2026-07-07T16:07:27.378785000Z,-67,H7608,,78:72:64:ea:b9:14,,,,
,1703,S1G Beacon,2026-07-07T16:07:27.441189000Z,-13,H7608,,9c:04:b6:46:07:34,,,,
,1706,S1G Beacon,2026-07-07T16:07:28.196184000Z,-68,,,78:72:64:ea:b9:14,,,,
,1707,S1G Beacon,2026-07-07T16:07:28.258617000Z,-13,,,9c:04:b6:46:07:34,,,,
,1720,S1G Beacon,2026-07-07T16:07:29.017205000Z,-69,H7608,,78:72:64:ea:b9:14,,,,
,1721,S1G Beacon,2026-07-07T16:07:29.079699000Z,-15,H7608,,9c:04:b6:46:07:34,,,,
,1722,S1G Beacon,2026-07-07T16:07:29.834630000Z,-68,,,78:72:64:ea:b9:14,,,,
,1728,S1G Beacon,2026-07-07T16:07:29.897052000Z,-13,,,9c:04:b6:46:07:34,,,,
,1729,S1G Beacon,2026-07-07T16:07:30.655660000Z,-71,H7608,,78:72:64:ea:b9:14,,,,
,1730,S1G Beacon,2026-07-07T16:07:30.718083000Z,-15,H7608,,9c:04:b6:46:07:34,,,,
,1737,S1G Beacon,2026-07-07T16:07:31.473077000Z,-67,,,78:72:64:ea:b9:14,,,,
,1738,S1G Beacon,2026-07-07T16:07:31.535499000Z,-12,,,9c:04:b6:46:07:34,,,,
,1739,S1G Beacon,2026-07-07T16:07:32.294103000Z,-66,H7608,,78:72:64:ea:b9:14,,,,
,1740,S1G Beacon,2026-07-07T16:07:32.356527000Z,-13,H7608,,9c:04:b6:46:07:34,,,,
,1751,S1G Beacon,2026-07-07T16:07:33.111521000Z,-65,,,78:72:64:ea:b9:14,,,,
,1752,S1G Beacon,2026-07-07T16:07:33.173943000Z,-13,,,9c:04:b6:46:07:34,,,,
,1761,S1G Beacon,2026-07-07T16:07:33.932554000Z,-65,H7608,,78:72:64:ea:b9:14,,,,
,1762,S1G Beacon,2026-07-07T16:07:33.994977000Z,-14,H7608,,9c:04:b6:46:07:34,,,,
,1765,S1G Beacon,2026-07-07T16:07:34.749974000Z,-68,,,78:72:64:ea:b9:14,,,,
,1766,S1G Beacon,2026-07-07T16:07:34.812397000Z,-14,,,9c:04:b6:46:07:34,,,,
,1768,S1G Beacon,2026-07-07T16:07:35.571002000Z,-66,H7608,,78:72:64:ea:b9:14,,,,
,1769,S1G Beacon,2026-07-07T16:07:35.633423000Z,-13,H7608,,9c:04:b6:46:07:34,,,,
,1770,S1G Beacon,2026-07-07T16:07:36.388439000Z,-66,,,78:72:64:ea:b9:14,,,,
,1771,S1G Beacon,2026-07-07T16:07:36.450842000Z,-13,,,9c:04:b6:46:07:34,,,,
,1775,S1G Beacon,2026-07-07T16:07:37.209460000Z,-66,H7608,,78:72:64:ea:b9:14,,,,
,1776,S1G Beacon,2026-07-07T16:07:37.271871000Z,-13,H7608,,9c:04:b6:46:07:34,,,,
,1777,S1G Beacon,2026-07-07T16:07:38.026880000Z,-66,,,78:72:64:ea:b9:14,,,,
,1778,S1G Beacon,2026-07-07T16:07:38.089301000Z,-13,,,9c:04:b6:46:07:34,,,,
,1783,S1G Beacon,2026-07-07T16:07:38.847907000Z,-67,H7608,,78:72:64:ea:b9:14,,,,
,1784,S1G Beacon,2026-07-07T16:07:38.910325000Z,-12,H7608,,9c:04:b6:46:07:34,,,,
,1785,S1G Beacon,2026-07-07T16:07:39.665332000Z,-68,,,78:72:64:ea:b9:14,,,,
,1786,S1G Beacon,2026-07-07T16:07:39.727744000Z,-13,,,9c:04:b6:46:07:34,,,,
,1793,S1G Beacon,2026-07-07T16:07:40.486359000Z,-66,H7608,,78:72:64:ea:b9:14,,,,
,1794,S1G Beacon,2026-07-07T16:07:40.548775000Z,-12,H7608,,9c:04:b6:46:07:34,,,,
,1796,S1G Beacon,2026-07-07T16:07:41.303799000Z,-66,,,78:72:64:ea:b9:14,,,,
,1797,S1G Beacon,2026-07-07T16:07:41.366190000Z,-13,,,9c:04:b6:46:07:34,,,,
,1802,S1G Beacon,2026-07-07T16:07:42.124810000Z,-66,H7608,,78:72:64:ea:b9:14,,,,
,1803,S1G Beacon,2026-07-07T16:07:42.187217000Z,-12,H7608,,9c:04:b6:46:07:34,,,,
,1807,S1G Beacon,2026-07-07T16:07:42.942227000Z,-66,,,78:72:64:ea:b9:14,,,,
,1808,S1G Beacon,2026-07-07T16:07:43.004639000Z,-12,,,9c:04:b6:46:07:34,,,,
,1810,S1G Beacon,2026-07-07T16:07:43.763259000Z,-63,H7608,,78:72:64:ea:b9:14,,,,
,1811,S1G Beacon,2026-07-07T16:07:43.825666000Z,-12,H7608,,9c:04:b6:46:07:34,,,,
,1814,S1G Beacon,2026-07-07T16:07:44.580676000Z,-67,,,78:72:64:ea:b9:14,,,,
,1815,S1G Beacon,2026-07-07T16:07:44.643093000Z,-14,,,9c:04:b6:46:07:34,,,,
,1816,S1G Beacon,2026-07-07T16:07:45.401704000Z,-67,H7608,,78:72:64:ea:b9:14,,,,
,1817,S1G Beacon,2026-07-07T16:07:45.464111000Z,-14,H7608,,9c:04:b6:46:07:34,,,,
,1821,S1G Beacon,2026-07-07T16:07:46.219127000Z,-67,,,78:72:64:ea:b9:14,,,,
,1822,S1G Beacon,2026-07-07T16:07:46.281546000Z,-12,,,9c:04:b6:46:07:34,,,,
,1823,S1G Beacon,2026-07-07T16:07:47.040159000Z,-69,H7608,,78:72:64:ea:b9:14,,,,
,1824,S1G Beacon,2026-07-07T16:07:47.102564000Z,-12,H7608,,9c:04:b6:46:07:34,,,,
,1827,S1G Beacon,2026-07-07T16:07:47.857582000Z,-65,,,78:72:64:ea:b9:14,,,,
,1828,S1G Beacon,2026-07-07T16:07:47.919985000Z,-13,,,9c:04:b6:46:07:34,,,,
,1829,S1G Beacon,2026-07-07T16:07:48.678611000Z,-68,H7608,,78:72:64:ea:b9:14,,,,
,1830,S1G Beacon,2026-07-07T16:07:48.741017000Z,-12,H7608,,9c:04:b6:46:07:34,,,,
,1834,S1G Beacon,2026-07-07T16:07:49.496026000Z,-69,,,78:72:64:ea:b9:14,,,,
,1835,S1G Beacon,2026-07-07T16:07:49.558436000Z,-13,,,9c:04:b6:46:07:34,,,,
,1837,S1G Beacon,2026-07-07T16:07:50.317052000Z,-66,H7608,,78:72:64:ea:b9:14,,,,
,1840,S1G Beacon,2026-07-07T16:07:50.379463000Z,-12,H7608,,9c:04:b6:46:07:34,,,,
,1841,S1G Beacon,2026-07-07T16:07:51.134479000Z,-67,,,78:72:64:ea:b9:14,,,,
,1842,S1G Beacon,2026-07-07T16:07:51.196883000Z,-13,,,9c:04:b6:46:07:34,,,,
,1846,S1G Beacon,2026-07-07T16:07:52.017908000Z,-13,H7608,,9c:04:b6:46:07:34,,,,
,1847,S1G Beacon,2026-07-07T16:07:52.772929000Z,-67,,,78:72:64:ea:b9:14,,,,
,1848,S1G Beacon,2026-07-07T16:07:52.835325000Z,-13,,,9c:04:b6:46:07:34,,,,
,1852,S1G Beacon,2026-07-07T16:07:53.593952000Z,-67,H7608,,78:72:64:ea:b9:14,,,,
,1853,S1G Beacon,2026-07-07T16:07:53.656358000Z,-14,H7608,,9c:04:b6:46:07:34,,,,
,1863,S1G Beacon,2026-07-07T16:07:54.411372000Z,-66,,,78:72:64:ea:b9:14,,,,
,1865,S1G Beacon,2026-07-07T16:07:54.473773000Z,-13,,,9c:04:b6:46:07:34,,,,
,1873,S1G Beacon,2026-07-07T16:07:55.232427000Z,-67,H7608,,78:72:64:ea:b9:14,,,,
,1874,S1G Beacon,2026-07-07T16:07:55.294812000Z,-12,H7608,,9c:04:b6:46:07:34,,,,
,1875,S1G Beacon,2026-07-07T16:07:56.049835000Z,-67,,,78:72:64:ea:b9:14,,,,
,1876,S1G Beacon,2026-07-07T16:07:56.112232000Z,-12,,,9c:04:b6:46:07:34,,,,
,1877,S1G Beacon,2026-07-07T16:07:56.870859000Z,-67,H7608,,78:72:64:ea:b9:14,,,,
,1878,S1G Beacon,2026-07-07T16:07:56.933254000Z,-12,H7608,,9c:04:b6:46:07:34,,,,
,1881,S1G Beacon,2026-07-07T16:07:57.688283000Z,-66,,,78:72:64:ea:b9:14,,,,
,1882,S1G Beacon,2026-07-07T16:07:57.750687000Z,-13,,,9c:04:b6:46:07:34,,,,
,1884,S1G Beacon,2026-07-07T16:07:58.509320000Z,-67,H7608,,78:72:64:ea:b9:14,,,,
,1885,S1G Beacon,2026-07-07T16:07:58.571704000Z,-14,H7608,,9c:04:b6:46:07:34,,,,
,1888,S1G Beacon,2026-07-07T16:07:59.326724000Z,-68,,,78:72:64:ea:b9:14,,,,
,1889,S1G Beacon,2026-07-07T16:07:59.389129000Z,-13,,,9c:04:b6:46:07:34,,,,
,1890,S1G Beacon,2026-07-07T16:08:00.147756000Z,-66,H7608,,78:72:64:ea:b9:14,,,,
,1891,S1G Beacon,2026-07-07T16:08:00.210156000Z,-12,H7608,,9c:04:b6:46:07:34,,,,
,1894,S1G Beacon,2026-07-07T16:08:00.965175000Z,-66,,,78:72:64:ea:b9:14,,,,
,1896,S1G Beacon,2026-07-07T16:08:01.027571000Z,-12,,,9c:04:b6:46:07:34,,,,
,1897,S1G Beacon,2026-07-07T16:08:01.786211000Z,-67,H7608,,78:72:64:ea:b9:14,,,,
,1898,S1G Beacon,2026-07-07T16:08:01.848599000Z,-12,H7608,,9c:04:b6:46:07:34,,,,
,1901,S1G Beacon,2026-07-07T16:08:02.603642000Z,-68,,,78:72:64:ea:b9:14,,,,
,1902,S1G Beacon,2026-07-07T16:08:02.666025000Z,-12,,,9c:04:b6:46:07:34,,,,
,1905,S1G Beacon,2026-07-07T16:08:03.424654000Z,-66,H7608,,78:72:64:ea:b9:14,,,,
,1906,S1G Beacon,2026-07-07T16:08:03.487047000Z,-13,H7608,,9c:04:b6:46:07:34,,,,
,1908,S1G Beacon,2026-07-07T16:08:04.242081000Z,-68,,,78:72:64:ea:b9:14,,,,
,1909,S1G Beacon,2026-07-07T16:08:04.304472000Z,-14,,,9c:04:b6:46:07:34,,,,
,1915,S1G Beacon,2026-07-07T16:08:05.063107000Z,-66,H7608,,78:72:64:ea:b9:14,,,,
,1916,S1G Beacon,2026-07-07T16:08:05.125498000Z,-12,H7608,,9c:04:b6:46:07:34,,,,
,1918,S1G Beacon,2026-07-07T16:08:05.880532000Z,-68,,,78:72:64:ea:b9:14,,,,
,1919,S1G Beacon,2026-07-07T16:08:05.942919000Z,-14,,,9c:04:b6:46:07:34,,,,
,1922,S1G Beacon,2026-07-07T16:08:06.701576000Z,-67,H7608,,78:72:64:ea:b9:14,,,,
,1923,S1G Beacon,2026-07-07T16:08:06.763942000Z,-15,H7608,,9c:04:b6:46:07:34,,,,
,1925,S1G Beacon,2026-07-07T16:08:07.518990000Z,-67,,,78:72:64:ea:b9:14,,,,
,1926,S1G Beacon,2026-07-07T16:08:07.581625000Z,-12,,,9c:04:b6:46:07:34,,,,
,1929,S1G Beacon,2026-07-07T16:08:08.340004000Z,-68,H7608,,78:72:64:ea:b9:14,,,,
,1930,S1G Beacon,2026-07-07T16:08:08.402393000Z,-13,H7608,,9c:04:b6:46:07:34,,,,
,1931,S1G Beacon,2026-07-07T16:08:09.157436000Z,-67,,,78:72:64:ea:b9:14,,,,
,1932,S1G Beacon,2026-07-07T16:08:09.219820000Z,-14,,,9c:04:b6:46:07:34,,,,
,1935,S1G Beacon,2026-07-07T16:08:09.978462000Z,-68,H7608,,78:72:64:ea:b9:14,,,,
,1936,S1G Beacon,2026-07-07T16:08:10.040845000Z,-13,H7608,,9c:04:b6:46:07:34,,,,
,1938,S1G Beacon,2026-07-07T16:08:10.795884000Z,-67,,,78:72:64:ea:b9:14,,,,
,1941,S1G Beacon,2026-07-07T16:08:10.858258000Z,-14,,,9c:04:b6:46:07:34,,,,
,1942,S1G Beacon,2026-07-07T16:08:11.616916000Z,-65,H7608,,78:72:64:ea:b9:14,,,,
,1943,S1G Beacon,2026-07-07T16:08:11.679310000Z,-12,H7608,,9c:04:b6:46:07:34,,,,
,1946,S1G Beacon,2026-07-07T16:08:12.434328000Z,-66,,,78:72:64:ea:b9:14,,,,
,1947,S1G Beacon,2026-07-07T16:08:12.496714000Z,-13,,,9c:04:b6:46:07:34,,,,
,1949,S1G Beacon,2026-07-07T16:08:13.255353000Z,-66,H7608,,78:72:64:ea:b9:14,,,,
,1950,S1G Beacon,2026-07-07T16:08:13.317740000Z,-14,H7608,,9c:04:b6:46:07:34,,,,
,1954,S1G Beacon,2026-07-07T16:08:14.072778000Z,-66,,,78:72:64:ea:b9:14,,,,
,1958,S1G Beacon,2026-07-07T16:08:14.135160000Z,-14,,,9c:04:b6:46:07:34,,,,
,1963,S1G Beacon,2026-07-07T16:08:14.893805000Z,-65,H7608,,78:72:64:ea:b9:14,,,,
,1964,S1G Beacon,2026-07-07T16:08:14.956188000Z,-15,H7608,,9c:04:b6:46:07:34,,,,
,1975,S1G Beacon,2026-07-07T16:08:15.711227000Z,-66,,,78:72:64:ea:b9:14,,,,
,1976,S1G Beacon,2026-07-07T16:08:15.773611000Z,-13,,,9c:04:b6:46:07:34,,,,
,1980,S1G Beacon,2026-07-07T16:08:16.532257000Z,-67,H7608,,78:72:64:ea:b9:14,,,,
,1981,S1G Beacon,2026-07-07T16:08:16.594634000Z,-13,H7608,,9c:04:b6:46:07:34,,,,
,1982,S1G Beacon,2026-07-07T16:08:17.349686000Z,-65,,,78:72:64:ea:b9:14,,,,
,1983,S1G Beacon,2026-07-07T16:08:17.412055000Z,-13,,,9c:04:b6:46:07:34,,,,
,1986,S1G Beacon,2026-07-07T16:08:18.170720000Z,-63,H7608,,78:72:64:ea:b9:14,,,,
,1987,S1G Beacon,2026-07-07T16:08:18.233087000Z,-14,H7608,,9c:04:b6:46:07:34,,,,
,1988,S1G Beacon,2026-07-07T16:08:18.988142000Z,-66,,,78:72:64:ea:b9:14,,,,
,1989,S1G Beacon,2026-07-07T16:08:19.050509000Z,-14,,,9c:04:b6:46:07:34,,,,
,1993,S1G Beacon,2026-07-07T16:08:19.809156000Z,-66,H7608,,78:72:64:ea:b9:14,,,,
,1994,S1G Beacon,2026-07-07T16:08:19.871538000Z,-15,H7608,,9c:04:b6:46:07:34,,,,
,1995,S1G Beacon,2026-07-07T16:08:20.626589000Z,-66,,,78:72:64:ea:b9:14,,,,
,1999,S1G Beacon,2026-07-07T16:08:21.447607000Z,-65,H7608,,78:72:64:ea:b9:14,,,,
,2000,S1G Beacon,2026-07-07T16:08:21.509986000Z,-14,H7608,,9c:04:b6:46:07:34,,,,
,2003,S1G Beacon,2026-07-07T16:08:22.265031000Z,-65,,,78:72:64:ea:b9:14,,,,
,2004,S1G Beacon,2026-07-07T16:08:22.327402000Z,-13,,,9c:04:b6:46:07:34,,,,
,2007,S1G Beacon,2026-07-07T16:08:23.086053000Z,-67,H7608,,78:72:64:ea:b9:14,,,,
,2008,S1G Beacon,2026-07-07T16:08:23.148438000Z,-14,H7608,,9c:04:b6:46:07:34,,,,
,2011,S1G Beacon,2026-07-07T16:08:23.903477000Z,-67,,,78:72:64:ea:b9:14,,,,
,2012,S1G Beacon,2026-07-07T16:08:23.965849000Z,-13,,,9c:04:b6:46:07:34,,,,
,2017,S1G Beacon,2026-07-07T16:08:24.724508000Z,-63,H7608,,78:72:64:ea:b9:14,,,,
,2018,S1G Beacon,2026-07-07T16:08:24.786877000Z,-14,H7608,,9c:04:b6:46:07:34,,,,
,2022,S1G Beacon,2026-07-07T16:08:25.541926000Z,-64,,,78:72:64:ea:b9:14,,,,
,2023,S1G Beacon,2026-07-07T16:08:25.604296000Z,-13,,,9c:04:b6:46:07:34,,,,
,2024,S1G Beacon,2026-07-07T16:08:26.362959000Z,-63,H7608,,78:72:64:ea:b9:14,,,,
,2025,S1G Beacon,2026-07-07T16:08:26.425332000Z,-12,H7608,,9c:04:b6:46:07:34,,,,
,2028,S1G Beacon,2026-07-07T16:08:27.180380000Z,-62,,,78:72:64:ea:b9:14,,,,
,2029,S1G Beacon,2026-07-07T16:08:27.242747000Z,-15,,,9c:04:b6:46:07:34,,,,
,2030,S1G Beacon,2026-07-07T16:08:28.001416000Z,-62,H7608,,78:72:64:ea:b9:14,,,,
,2031,S1G Beacon,2026-07-07T16:08:28.063775000Z,-13,H7608,,9c:04:b6:46:07:34,,,,
,2035,S1G Beacon,2026-07-07T16:08:28.818838000Z,-67,,,78:72:64:ea:b9:14,,,,
,2036,S1G Beacon,2026-07-07T16:08:28.881196000Z,-13,,,9c:04:b6:46:07:34,,,,
,2038,S1G Beacon,2026-07-07T16:08:29.639867000Z,-67,H7608,,78:72:64:ea:b9:14,,,,
,2039,S1G Beacon,2026-07-07T16:08:29.702229000Z,-12,H7608,,9c:04:b6:46:07:34,,,,
,2042,S1G Beacon,2026-07-07T16:08:30.457279000Z,-66,,,78:72:64:ea:b9:14,,,,
,2043,S1G Beacon,2026-07-07T16:08:30.519650000Z,-11,,,9c:04:b6:46:07:34,,,,
,2045,S1G Beacon,2026-07-07T16:08:31.278304000Z,-63,H7608,,78:72:64:ea:b9:14,,,,
,2046,S1G Beacon,2026-07-07T16:08:31.340668000Z,-11,H7608,,9c:04:b6:46:07:34,,,,
,2049,S1G Beacon,2026-07-07T16:08:32.095735000Z,-64,,,78:72:64:ea:b9:14,,,,
,2050,S1G Beacon,2026-07-07T16:08:32.158091000Z,-10,,,9c:04:b6:46:07:34,,,,
,2053,S1G Beacon,2026-07-07T16:08:32.916756000Z,-64,H7608,,78:72:64:ea:b9:14,,,,
,2054,S1G Beacon,2026-07-07T16:08:32.979119000Z,-10,H7608,,9c:04:b6:46:07:34,,,,
,2055,S1G Beacon,2026-07-07T16:08:33.734180000Z,-64,,,78:72:64:ea:b9:14,,,,
,2057,S1G Beacon,2026-07-07T16:08:33.796538000Z,-11,,,9c:04:b6:46:07:34,,,,
,2061,S1G Beacon,2026-07-07T16:08:34.555212000Z,-61,H7608,,78:72:64:ea:b9:14,,,,
,2062,S1G Beacon,2026-07-07T16:08:34.617566000Z,-12,H7608,,9c:04:b6:46:07:34,,,,
,2064,S1G Beacon,2026-07-07T16:08:35.372629000Z,-63,,,78:72:64:ea:b9:14,,,,
,2065,S1G Beacon,2026-07-07T16:08:35.434988000Z,-11,,,9c:04:b6:46:07:34,,,,
,2075,S1G Beacon,2026-07-07T16:08:36.193650000Z,-63,H7608,,78:72:64:ea:b9:14,,,,
,2076,S1G Beacon,2026-07-07T16:08:36.256016000Z,-10,H7608,,9c:04:b6:46:07:34,,,,
,2083,S1G Beacon,2026-07-07T16:08:37.011077000Z,-62,,,78:72:64:ea:b9:14,,,,
,2084,S1G Beacon,2026-07-07T16:08:37.073436000Z,-12,,,9c:04:b6:46:07:34,,,,
,2087,S1G Beacon,2026-07-07T16:08:37.832109000Z,-63,H7608,,78:72:64:ea:b9:14,,,,
,2088,S1G Beacon,2026-07-07T16:08:37.894462000Z,-12,H7608,,9c:04:b6:46:07:34,,,,
,2091,S1G Beacon,2026-07-07T16:08:38.649532000Z,-63,,,78:72:64:ea:b9:14,,,,
,2092,S1G Beacon,2026-07-07T16:08:38.711893000Z,-12,,,9c:04:b6:46:07:34,,,,
,2093,S1G Beacon,2026-07-07T16:08:39.470558000Z,-62,H7608,,78:72:64:ea:b9:14,,,,
,2096,S1G Beacon,2026-07-07T16:08:40.287983000Z,-64,,,78:72:64:ea:b9:14,,,,
,2098,S1G Beacon,2026-07-07T16:08:40.350337000Z,-12,,,9c:04:b6:46:07:34,,,,
,2099,S1G Beacon,2026-07-07T16:08:41.109032000Z,-62,H7608,,78:72:64:ea:b9:14,,,,
,2100,S1G Beacon,2026-07-07T16:08:41.171371000Z,-11,H7608,,9c:04:b6:46:07:34,,,,
,2103,S1G Beacon,2026-07-07T16:08:41.926435000Z,-60,,,78:72:64:ea:b9:14,,,,
,2104,S1G Beacon,2026-07-07T16:08:41.988784000Z,-11,,,9c:04:b6:46:07:34,,,,
,2105,S1G Beacon,2026-07-07T16:08:42.747462000Z,-62,H7608,,78:72:64:ea:b9:14,,,,
,2106,S1G Beacon,2026-07-07T16:08:42.809815000Z,-12,H7608,,9c:04:b6:46:07:34,,,,
,2111,S1G Beacon,2026-07-07T16:08:43.564880000Z,-66,,,78:72:64:ea:b9:14,,,,
,2112,S1G Beacon,2026-07-07T16:08:43.627232000Z,-13,,,9c:04:b6:46:07:34,,,,
,2115,S1G Beacon,2026-07-07T16:08:44.385908000Z,-65,H7608,,78:72:64:ea:b9:14,,,,
,2116,S1G Beacon,2026-07-07T16:08:44.448263000Z,-11,H7608,,9c:04:b6:46:07:34,,,,
,2118,S1G Beacon,2026-07-07T16:08:45.203329000Z,-66,,,78:72:64:ea:b9:14,,,,
,2119,S1G Beacon,2026-07-07T16:08:45.265681000Z,-12,,,9c:04:b6:46:07:34,,,,
,2122,S1G Beacon,2026-07-07T16:08:46.024363000Z,-65,H7608,,78:72:64:ea:b9:14,,,,
,2123,S1G Beacon,2026-07-07T16:08:46.086714000Z,-11,H7608,,9c:04:b6:46:07:34,,,,
,2125,S1G Beacon,2026-07-07T16:08:46.841785000Z,-63,,,78:72:64:ea:b9:14,,,,
,2126,S1G Beacon,2026-07-07T16:08:46.904541000Z,-11,,,9c:04:b6:46:07:34,,,,
,2128,S1G Beacon,2026-07-07T16:08:47.662816000Z,-62,H7608,,78:72:64:ea:b9:14,,,,
,2129,S1G Beacon,2026-07-07T16:08:47.725153000Z,-11,H7608,,9c:04:b6:46:07:34,,,,
,2130,S1G Beacon,2026-07-07T16:08:48.480235000Z,-65,,,78:72:64:ea:b9:14,,,,
,2131,S1G Beacon,2026-07-07T16:08:48.542575000Z,-13,,,9c:04:b6:46:07:34,,,,
,2134,S1G Beacon,2026-07-07T16:08:49.301261000Z,-64,H7608,,78:72:64:ea:b9:14,,,,
,2135,S1G Beacon,2026-07-07T16:08:49.363653000Z,-11,H7608,,9c:04:b6:46:07:34,,,,
,2137,S1G Beacon,2026-07-07T16:08:50.118677000Z,-64,,,78:72:64:ea:b9:14,,,,
,2138,S1G Beacon,2026-07-07T16:08:50.181034000Z,-11,,,9c:04:b6:46:07:34,,,,
,2142,S1G Beacon,2026-07-07T16:08:50.939706000Z,-64,H7608,,78:72:64:ea:b9:14,,,,
,2143,S1G Beacon,2026-07-07T16:08:51.002055000Z,-12,H7608,,9c:04:b6:46:07:34,,,,
,2144,S1G Beacon,2026-07-07T16:08:51.757130000Z,-62,,,78:72:64:ea:b9:14,,,,
,2145,S1G Beacon,2026-07-07T16:08:51.819466000Z,-11,,,9c:04:b6:46:07:34,,,,
,2149,S1G Beacon,2026-07-07T16:08:52.578153000Z,-63,H7608,,78:72:64:ea:b9:14,,,,
,2150,S1G Beacon,2026-07-07T16:08:52.640502000Z,-11,H7608,,9c:04:b6:46:07:34,,,,
,2153,S1G Beacon,2026-07-07T16:08:53.395573000Z,-64,,,78:72:64:ea:b9:14,,,,
,2154,S1G Beacon,2026-07-07T16:08:53.457919000Z,-10,,,9c:04:b6:46:07:34,,,,
,2155,S1G Beacon,2026-07-07T16:08:54.216608000Z,-64,H7608,,78:72:64:ea:b9:14,,,,
,2156,S1G Beacon,2026-07-07T16:08:54.278948000Z,-12,H7608,,9c:04:b6:46:07:34,,,,
,2159,S1G Beacon,2026-07-07T16:08:55.034028000Z,-64,,,78:72:64:ea:b9:14,,,,
,2160,S1G Beacon,2026-07-07T16:08:55.096369000Z,-12,,,9c:04:b6:46:07:34,,,,
,2163,S1G Beacon,2026-07-07T16:08:55.855056000Z,-63,H7608,,78:72:64:ea:b9:14,,,,
,2164,S1G Beacon,2026-07-07T16:08:55.917395000Z,-11,H7608,,9c:04:b6:46:07:34,,,,
,2169,S1G Beacon,2026-07-07T16:08:56.672476000Z,-63,,,78:72:64:ea:b9:14,,,,
,2170,S1G Beacon,2026-07-07T16:08:56.734814000Z,-12,,,9c:04:b6:46:07:34,,,,
,2178,S1G Beacon,2026-07-07T16:08:57.493513000Z,-63,H7608,,78:72:64:ea:b9:14,,,,
,2180,S1G Beacon,2026-07-07T16:08:57.555847000Z,-12,H7608,,9c:04:b6:46:07:34,,,,
,2184,S1G Beacon,2026-07-07T16:08:58.310934000Z,-63,,,78:72:64:ea:b9:14,,,,
,2185,S1G Beacon,2026-07-07T16:08:58.373731000Z,-12,,,9c:04:b6:46:07:34,,,,
,2190,S1G Beacon,2026-07-07T16:08:59.131963000Z,-62,H7608,,78:72:64:ea:b9:14,,,,
,2191,S1G Beacon,2026-07-07T16:08:59.194292000Z,-10,H7608,,9c:04:b6:46:07:34,,,,
,2192,S1G Beacon,2026-07-07T16:08:59.949384000Z,-63,,,78:72:64:ea:b9:14,,,,
,2193,S1G Beacon,2026-07-07T16:09:00.011717000Z,-11,,,9c:04:b6:46:07:34,,,,
,2198,S1G Beacon,2026-07-07T16:09:00.770428000Z,-63,H7608,,78:72:64:ea:b9:14,,,,
,2199,S1G Beacon,2026-07-07T16:09:00.832745000Z,-11,H7608,,9c:04:b6:46:07:34,,,,
,2201,S1G Beacon,2026-07-07T16:09:01.587831000Z,-63,,,78:72:64:ea:b9:14,,,,
,2202,S1G Beacon,2026-07-07T16:09:01.650164000Z,-13,,,9c:04:b6:46:07:34,,,,
,2205,S1G Beacon,2026-07-07T16:09:02.408860000Z,-63,H7608,,78:72:64:ea:b9:14,,,,
,2206,S1G Beacon,2026-07-07T16:09:02.471197000Z,-11,H7608,,9c:04:b6:46:07:34,,,,
,2207,S1G Beacon,2026-07-07T16:09:03.226284000Z,-63,,,78:72:64:ea:b9:14,,,,
,2208,S1G Beacon,2026-07-07T16:09:03.288613000Z,-11,,,9c:04:b6:46:07:34,,,,
,2213,S1G Beacon,2026-07-07T16:09:04.047308000Z,-62,H7608,,78:72:64:ea:b9:14,,,,
,2214,S1G Beacon,2026-07-07T16:09:04.109640000Z,-11,H7608,,9c:04:b6:46:07:34,,,,
,2219,S1G Beacon,2026-07-07T16:09:04.864724000Z,-63,,,78:72:64:ea:b9:14,,,,
,2220,S1G Beacon,2026-07-07T16:09:04.927059000Z,-11,,,9c:04:b6:46:07:34,,,,
,2221,S1G Beacon,2026-07-07T16:09:05.685764000Z,-64,H7608,,78:72:64:ea:b9:14,,,,
,2222,S1G Beacon,2026-07-07T16:09:05.748090000Z,-11,H7608,,9c:04:b6:46:07:34,,,,
,2228,S1G Beacon,2026-07-07T16:09:06.503178000Z,-63,,,78:72:64:ea:b9:14,,,,
,2229,S1G Beacon,2026-07-07T16:09:06.565512000Z,-10,,,9c:04:b6:46:07:34,,,,
,2230,S1G Beacon,2026-07-07T16:09:07.324206000Z,-64,H7608,,78:72:64:ea:b9:14,,,,
,2231,S1G Beacon,2026-07-07T16:09:07.386533000Z,-11,H7608,,9c:04:b6:46:07:34,,,,
,2236,S1G Beacon,2026-07-07T16:09:08.141634000Z,-65,,,78:72:64:ea:b9:14,,,,
,2237,S1G Beacon,2026-07-07T16:09:08.203955000Z,-11,,,9c:04:b6:46:07:34,,,,
,2239,S1G Beacon,2026-07-07T16:09:08.962668000Z,-63,H7608,,78:72:64:ea:b9:14,,,,
,2240,S1G Beacon,2026-07-07T16:09:09.024981000Z,-13,H7608,,9c:04:b6:46:07:34,,,,
,2245,S1G Beacon,2026-07-07T16:09:09.780082000Z,-65,,,78:72:64:ea:b9:14,,,,
,2246,S1G Beacon,2026-07-07T16:09:09.842401000Z,-10,,,9c:04:b6:46:07:34,,,,
,2248,S1G Beacon,2026-07-07T16:09:10.601112000Z,-66,H7608,,78:72:64:ea:b9:14,,,,
,2249,S1G Beacon,2026-07-07T16:09:10.663439000Z,-10,H7608,,9c:04:b6:46:07:34,,,,
,2252,S1G Beacon,2026-07-07T16:09:11.418544000Z,-62,,,78:72:64:ea:b9:14,,,,
,2253,S1G Beacon,2026-07-07T16:09:11.481121000Z,-10,,,9c:04:b6:46:07:34,,,,
,2254,S1G Beacon,2026-07-07T16:09:12.239571000Z,-63,H7608,,78:72:64:ea:b9:14,,,,
,2255,S1G Beacon,2026-07-07T16:09:12.301882000Z,-10,H7608,,9c:04:b6:46:07:34,,,,
,2259,S1G Beacon,2026-07-07T16:09:13.056993000Z,-64,,,78:72:64:ea:b9:14,,,,
,2260,S1G Beacon,2026-07-07T16:09:13.119308000Z,-11,,,9c:04:b6:46:07:34,,,,
,2265,S1G Beacon,2026-07-07T16:09:13.878007000Z,-64,H7608,,78:72:64:ea:b9:14,,,,
,2266,S1G Beacon,2026-07-07T16:09:13.940327000Z,-11,H7608,,9c:04:b6:46:07:34,,,,
,2267,S1G Beacon,2026-07-07T16:09:14.695439000Z,-67,,,78:72:64:ea:b9:14,,,,
,2268,S1G Beacon,2026-07-07T16:09:14.757752000Z,-10,,,9c:04:b6:46:07:34,,,,
,2273,S1G Beacon,2026-07-07T16:09:15.516460000Z,-62,H7608,,78:72:64:ea:b9:14,,,,
,2274,S1G Beacon,2026-07-07T16:09:15.578778000Z,-11,H7608,,9c:04:b6:46:07:34,,,,
,2276,S1G Beacon,2026-07-07T16:09:16.333879000Z,-65,,,78:72:64:ea:b9:14,,,,
,2277,S1G Beacon,2026-07-07T16:09:16.396196000Z,-10,,,9c:04:b6:46:07:34,,,,
,2281,S1G Beacon,2026-07-07T16:09:17.154906000Z,-66,H7608,,78:72:64:ea:b9:14,,,,
,2282,S1G Beacon,2026-07-07T16:09:17.217240000Z,-12,H7608,,9c:04:b6:46:07:34,,,,
,2287,S1G Beacon,2026-07-07T16:09:17.972326000Z,-66,,,78:72:64:ea:b9:14,,,,
,2289,S1G Beacon,2026-07-07T16:09:18.034645000Z,-11,,,9c:04:b6:46:07:34,,,,
,2297,S1G Beacon,2026-07-07T16:09:18.793361000Z,-66,H7608,,78:72:64:ea:b9:14,,,,
,2299,S1G Beacon,2026-07-07T16:09:18.855672000Z,-11,H7608,,9c:04:b6:46:07:34,,,,
,2305,S1G Beacon,2026-07-07T16:09:19.610781000Z,-66,,,78:72:64:ea:b9:14,,,,
,2307,S1G Beacon,2026-07-07T16:09:20.431820000Z,-67,H7608,,78:72:64:ea:b9:14,,,,
,2308,S1G Beacon,2026-07-07T16:09:20.494116000Z,-11,H7608,,9c:04:b6:46:07:34,,,,
,2311,S1G Beacon,2026-07-07T16:09:21.249228000Z,-67,,,78:72:64:ea:b9:14,,,,
,2312,S1G Beacon,2026-07-07T16:09:21.311552000Z,-10,,,9c:04:b6:46:07:34,,,,
,2313,S1G Beacon,2026-07-07T16:09:22.070257000Z,-66,H7608,,78:72:64:ea:b9:14,,,,
,2314,S1G Beacon,2026-07-07T16:09:22.132574000Z,-10,H7608,,9c:04:b6:46:07:34,,,,
,2320,S1G Beacon,2026-07-07T16:09:22.887677000Z,-67,,,78:72:64:ea:b9:14,,,,
,2321,S1G Beacon,2026-07-07T16:09:22.949989000Z,-11,,,9c:04:b6:46:07:34,,,,
,2322,S1G Beacon,2026-07-07T16:09:23.708716000Z,-66,H7608,,78:72:64:ea:b9:14,,,,
,2327,S1G Beacon,2026-07-07T16:09:24.526136000Z,-66,,,78:72:64:ea:b9:14,,,,
,2328,S1G Beacon,2026-07-07T16:09:24.588440000Z,-10,,,9c:04:b6:46:07:34,,,,
,2330,S1G Beacon,2026-07-07T16:09:25.347159000Z,-66,H7608,,78:72:64:ea:b9:14,,,,
,2335,S1G Beacon,2026-07-07T16:09:25.409463000Z,-11,H7608,,9c:04:b6:46:07:34,,,,
,2337,S1G Beacon,2026-07-07T16:09:26.164579000Z,-66,,,78:72:64:ea:b9:14,,,,
,2338,S1G Beacon,2026-07-07T16:09:26.226883000Z,-10,,,9c:04:b6:46:07:34,,,,
,2341,S1G Beacon,2026-07-07T16:09:26.985609000Z,-66,H7608,,78:72:64:ea:b9:14,,,,
,2342,S1G Beacon,2026-07-07T16:09:27.047915000Z,-10,H7608,,9c:04:b6:46:07:34,,,,
,2343,S1G Beacon,2026-07-07T16:09:27.803030000Z,-66,,,78:72:64:ea:b9:14,,,,
,2344,S1G Beacon,2026-07-07T16:09:27.865334000Z,-10,,,9c:04:b6:46:07:34,,,,
,2347,S1G Beacon,2026-07-07T16:09:28.624070000Z,-66,H7608,,78:72:64:ea:b9:14,,,,
,2348,S1G Beacon,2026-07-07T16:09:28.686368000Z,-11,H7608,,9c:04:b6:46:07:34,,,,
,2352,S1G Beacon,2026-07-07T16:09:29.441489000Z,-65,,,78:72:64:ea:b9:14,,,,
,2353,S1G Beacon,2026-07-07T16:09:29.503784000Z,-12,,,9c:04:b6:46:07:34,,,,
,2358,S1G Beacon,2026-07-07T16:09:30.324814000Z,-11,H7608,,9c:04:b6:46:07:34,,,,
,2361,S1G Beacon,2026-07-07T16:09:31.079923000Z,-65,,,78:72:64:ea:b9:14,,,,
,2362,S1G Beacon,2026-07-07T16:09:31.142235000Z,-10,,,9c:04:b6:46:07:34,,,,
,2364,S1G Beacon,2026-07-07T16:09:31.900959000Z,-66,H7608,,78:72:64:ea:b9:14,,,,
,2365,S1G Beacon,2026-07-07T16:09:31.963264000Z,-11,H7608,,9c:04:b6:46:07:34,,,,
,2368,S1G Beacon,2026-07-07T16:09:32.718384000Z,-65,,,78:72:64:ea:b9:14,,,,
,2369,S1G Beacon,2026-07-07T16:09:32.780677000Z,-11,,,9c:04:b6:46:07:34,,,,
,2372,S1G Beacon,2026-07-07T16:09:33.539413000Z,-67,H7608,,78:72:64:ea:b9:14,,,,
,2373,S1G Beacon,2026-07-07T16:09:33.601704000Z,-10,H7608,,9c:04:b6:46:07:34,,,,
,2377,S1G Beacon,2026-07-07T16:09:34.356833000Z,-66,,,78:72:64:ea:b9:14,,,,
,2378,S1G Beacon,2026-07-07T16:09:34.419128000Z,-11,,,9c:04:b6:46:07:34,,,,
,2383,S1G Beacon,2026-07-07T16:09:35.240157000Z,-10,H7608,,9c:04:b6:46:07:34,,,,
,2386,S1G Beacon,2026-07-07T16:09:36.057577000Z,-12,,,9c:04:b6:46:07:34,,,,
,2387,S1G Beacon,2026-07-07T16:09:36.878605000Z,-11,H7608,,9c:04:b6:46:07:34,,,,
,2390,S1G Beacon,2026-07-07T16:09:37.633731000Z,-66,,,78:72:64:ea:b9:14,,,,
,2391,S1G Beacon,2026-07-07T16:09:37.696027000Z,-12,,,9c:04:b6:46:07:34,,,,
,2395,S1G Beacon,2026-07-07T16:09:38.454761000Z,-66,H7608,,78:72:64:ea:b9:14,,,,
,2405,S1G Beacon,2026-07-07T16:09:39.272187000Z,-65,,,78:72:64:ea:b9:14,,,,
,2407,S1G Beacon,2026-07-07T16:09:39.334473000Z,-12,,,9c:04:b6:46:07:34,,,,
,2416,S1G Beacon,2026-07-07T16:09:40.093218000Z,-65,H7608,,78:72:64:ea:b9:14,,,,
,2417,S1G Beacon,2026-07-07T16:09:40.155501000Z,-10,H7608,,9c:04:b6:46:07:34,,,,
,2419,S1G Beacon,2026-07-07T16:09:40.910682000Z,-65,,,78:72:64:ea:b9:14,,,,
,2420,S1G Beacon,2026-07-07T16:09:40.972921000Z,-11,,,9c:04:b6:46:07:34,,,,
,2423,S1G Beacon,2026-07-07T16:09:41.731675000Z,-65,H7608,,78:72:64:ea:b9:14,,,,
,2424,S1G Beacon,2026-07-07T16:09:41.793955000Z,-11,H7608,,9c:04:b6:46:07:34,,,,
,2427,S1G Beacon,2026-07-07T16:09:42.549088000Z,-64,,,78:72:64:ea:b9:14,,,,
,2428,S1G Beacon,2026-07-07T16:09:42.611381000Z,-10,,,9c:04:b6:46:07:34,,,,
