packet_number,timestamp,frame_name,frame_len,length,dbm_antsignal,channel_freq,type,subtype,ds,frag,retry,pwrmgt,moredata,protected,duration,label
1,2026-07-03T15:43:20.430568000Z,S1G Beacon,61,34,-54,920,3,1,,,,,,,0,1
2,2026-07-03T15:43:20.682644000Z,QoS Data,132,34,-11,920,2,8,1,0,0,0,0,0,720,0
5,2026-07-03T15:43:20.721055000Z,QoS Data,115,34,-62,920,2,8,0,0,1,0,0,0,720,0
7,2026-07-03T15:43:20.765168000Z,QoS Data,112,34,-11,920,2,8,1,0,0,0,0,0,720,0
9,2026-07-03T15:43:20.860950000Z,S1G Beacon,129,34,-58,920,3,1,,,,,,,0,0
10,2026-07-03T15:43:21.251586000Z,S1G Beacon,129,34,-55,920,3,1,,,,,,,0,1
11,2026-07-03T15:43:21.678374000Z,S1G Beacon,61,34,-61,920,3,1,,,,,,,0,0
12,2026-07-03T15:43:22.068993000Z,S1G Beacon,61,34,-55,920,3,1,,,,,,,0,1
13,2026-07-03T15:43:22.499402000Z,S1G Beacon,129,34,-60,920,3,1,,,,,,,0,0
15,2026-07-03T15:43:22.890016000Z,S1G Beacon,129,34,-54,920,3,1,,,,,,,0,1
20,2026-07-03T15:43:23.316820000Z,S1G Beacon,61,34,-61,920,3,1,,,,,,,0,0
25,2026-07-03T15:43:23.707449000Z,S1G Beacon,61,34,-56,920,3,1,,,,,,,0,1
31,2026-07-03T15:43:24.137861000Z,S1G Beacon,129,34,-58,920,3,1,,,,,,,0,0
32,2026-07-03T15:43:24.528470000Z,S1G Beacon,129,34,-54,920,3,1,,,,,,,0,1
33,2026-07-03T15:43:24.955276000Z,S1G Beacon,61,34,-60,920,3,1,,,,,,,0,0
34,2026-07-03T15:43:25.345887000Z,S1G Beacon,61,34,-54,920,3,1,,,,,,,0,1
35,2026-07-03T15:43:25.733134000Z,QoS Data,132,34,-11,920,2,8,1,0,0,0,0,0,720,0
39,2026-07-03T15:43:25.765452000Z,QoS Data,112,34,-11,920,2,8,1,0,0,0,0,0,720,0
42,2026-07-03T15:43:25.776295000Z,S1G Beacon,129,34,-62,920,3,1,,,,,,,0,0
45,2026-07-03T15:43:26.593718000Z,S1G Beacon,61,34,-61,920,3,1,,,,,,,0,0
47,2026-07-03T15:43:26.984329000Z,S1G Beacon,61,34,-54,920,3,1,,,,,,,0,1
48,2026-07-03T15:43:27.414740000Z,S1G Beacon,129,34,-61,920,3,1,,,,,,,0,0
49,2026-07-03T15:43:27.805352000Z,S1G Beacon,129,34,-54,920,3,1,,,,,,,0,1
50,2026-07-03T15:43:28.232169000Z,S1G Beacon,61,34,-60,920,3,1,,,,,,,0,0
51,2026-07-03T15:43:28.622775000Z,S1G Beacon,61,34,-55,920,3,1,,,,,,,0,1
52,2026-07-03T15:43:29.053192000Z,S1G Beacon,129,34,-60,920,3,1,,,,,,,0,0
53,2026-07-03T15:43:29.443800000Z,S1G Beacon,129,34,-53,920,3,1,,,,,,,0,1
55,2026-07-03T15:43:29.870612000Z,S1G Beacon,61,34,-59,920,3,1,,,,,,,0,0
56,2026-07-03T15:43:30.261220000Z,S1G Beacon,61,34,-54,920,3,1,,,,,,,0,1
57,2026-07-03T15:43:30.691651000Z,S1G Beacon,129,34,-60,920,3,1,,,,,,,0,0
58,2026-07-03T15:43:30.758299000Z,QoS Data,132,34,-10,920,2,8,1,0,0,0,0,0,720,0
60,2026-07-03T15:43:30.770253000Z,QoS Data,115,34,-26,920,2,8,1,0,0,0,0,0,720,0
62,2026-07-03T15:43:30.772579000Z,QoS Data,115,34,-64,920,2,8,0,0,0,0,0,0,720,0
64,2026-07-03T15:43:31.015620000Z,QoS Data,112,34,-10,920,2,8,1,0,0,0,0,0,720,0
67,2026-07-03T15:43:31.082241000Z,S1G Beacon,129,34,-54,920,3,1,,,,,,,0,1
68,2026-07-03T15:43:31.509064000Z,S1G Beacon,61,34,-60,920,3,1,,,,,,,0,0
69,2026-07-03T15:43:31.899662000Z,S1G Beacon,61,34,-53,920,3,1,,,,,,,0,1
70,2026-07-03T15:43:32.330093000Z,S1G Beacon,129,34,-60,920,3,1,,,,,,,0,0
71,2026-07-03T15:43:32.720704000Z,S1G Beacon,129,34,-54,920,3,1,,,,,,,0,1
73,2026-07-03T15:43:33.147511000Z,S1G Beacon,61,34,-59,920,3,1,,,,,,,0,0
74,2026-07-03T15:43:33.538112000Z,S1G Beacon,61,34,-55,920,3,1,,,,,,,0,1
75,2026-07-03T15:43:33.968908000Z,S1G Beacon,129,34,-60,920,3,1,,,,,,,0,0
76,2026-07-03T15:43:34.359133000Z,S1G Beacon,129,34,-54,920,3,1,,,,,,,0,1
78,2026-07-03T15:43:34.785973000Z,S1G Beacon,61,34,-59,920,3,1,,,,,,,0,0
79,2026-07-03T15:43:35.176558000Z,S1G Beacon,61,34,-54,920,3,1,,,,,,,0,1
80,2026-07-03T15:43:35.606998000Z,S1G Beacon,129,34,-59,920,3,1,,,,,,,0,0
81,2026-07-03T15:43:35.783058000Z,QoS Data,132,34,-8,920,2,8,1,0,0,0,0,0,720,0
83,2026-07-03T15:43:35.797482000Z,QoS Data,132,34,-63,920,2,8,0,0,1,0,0,0,720,0
87,2026-07-03T15:43:35.997582000Z,S1G Beacon,129,34,-54,920,3,1,,,,,,,0,1
88,2026-07-03T15:43:36.015612000Z,QoS Data,112,34,-9,920,2,8,1,0,0,0,0,0,720,0
90,2026-07-03T15:43:36.424412000Z,S1G Beacon,61,34,-60,920,3,1,,,,,,,0,0
91,2026-07-03T15:43:36.814997000Z,S1G Beacon,61,34,-54,920,3,1,,,,,,,0,1
92,2026-07-03T15:43:37.245457000Z,S1G Beacon,129,34,-59,920,3,1,,,,,,,0,0
93,2026-07-03T15:43:37.636040000Z,S1G Beacon,129,34,-52,920,3,1,,,,,,,0,1
94,2026-07-03T15:43:38.062866000Z,S1G Beacon,61,34,-59,920,3,1,,,,,,,0,0
95,2026-07-03T15:43:38.453452000Z,S1G Beacon,61,34,-53,920,3,1,,,,,,,0,1
97,2026-07-03T15:43:38.883903000Z,S1G Beacon,129,34,-59,920,3,1,,,,,,,0,0
98,2026-07-03T15:43:39.274470000Z,S1G Beacon,129,34,-52,920,3,1,,,,,,,0,1
99,2026-07-03T15:43:39.701321000Z,S1G Beacon,61,34,-60,920,3,1,,,,,,,0,0
100,2026-07-03T15:43:40.522350000Z,S1G Beacon,129,34,-60,920,3,1,,,,,,,0,0
101,2026-07-03T15:43:40.813065000Z,QoS Data,132,34,-8,920,2,8,1,0,0,0,0,0,720,0
103,2026-07-03T15:43:40.815358000Z,QoS Data,132,34,-62,920,2,8,0,0,0,0,0,0,720,0
106,2026-07-03T15:43:40.912908000Z,S1G Beacon,129,34,-52,920,3,1,,,,,,,0,1
107,2026-07-03T15:43:41.015234000Z,QoS Data,112,34,-8,920,2,8,1,0,0,0,0,0,720,0
110,2026-07-03T15:43:41.339764000Z,S1G Beacon,61,34,-60,920,3,1,,,,,,,0,0
111,2026-07-03T15:43:41.730336000Z,S1G Beacon,61,34,-51,920,3,1,,,,,,,0,1
113,2026-07-03T15:43:42.160791000Z,S1G Beacon,129,34,-61,920,3,1,,,,,,,0,0
114,2026-07-03T15:43:42.551359000Z,S1G Beacon,129,34,-51,920,3,1,,,,,,,0,1
115,2026-07-03T15:43:42.978211000Z,S1G Beacon,61,34,-59,920,3,1,,,,,,,0,0
116,2026-07-03T15:43:43.368780000Z,S1G Beacon,61,34,-51,920,3,1,,,,,,,0,1
122,2026-07-03T15:43:44.189802000Z,S1G Beacon,129,34,-50,920,3,1,,,,,,,0,1
127,2026-07-03T15:43:44.616665000Z,S1G Beacon,61,34,-60,920,3,1,,,,,,,0,0
133,2026-07-03T15:43:45.007225000Z,S1G Beacon,61,34,-52,920,3,1,,,,,,,0,1
135,2026-07-03T15:43:45.437696000Z,S1G Beacon,129,34,-59,920,3,1,,,,,,,0,0
136,2026-07-03T15:43:45.828256000Z,S1G Beacon,129,34,-51,920,3,1,,,,,,,0,1
137,2026-07-03T15:43:45.834316000Z,QoS Data,132,34,-9,920,2,8,1,0,0,0,0,0,720,0
139,2026-07-03T15:43:45.836557000Z,QoS Data,132,34,-62,920,2,8,0,0,0,0,0,0,720,0
140,2026-07-03T15:43:45.843510000Z,QoS Data,115,34,-25,920,2,8,1,0,0,0,0,0,720,0
143,2026-07-03T15:43:46.015630000Z,QoS Data,112,34,-10,920,2,8,1,0,0,0,0,0,720,0
145,2026-07-03T15:43:46.018693000Z,QoS Data,112,34,-63,920,2,8,0,0,0,0,0,0,720,0
148,2026-07-03T15:43:46.255137000Z,S1G Beacon,61,34,-59,920,3,1,,,,,,,0,0
150,2026-07-03T15:43:46.645673000Z,S1G Beacon,61,34,-51,920,3,1,,,,,,,0,1
152,2026-07-03T15:43:47.076144000Z,S1G Beacon,129,34,-60,920,3,1,,,,,,,0,0
154,2026-07-03T15:43:47.466699000Z,S1G Beacon,129,34,-51,920,3,1,,,,,,,0,1
155,2026-07-03T15:43:47.893563000Z,S1G Beacon,61,34,-58,920,3,1,,,,,,,0,0
157,2026-07-03T15:43:48.284138000Z,S1G Beacon,61,34,-52,920,3,1,,,,,,,0,1
158,2026-07-03T15:43:48.714587000Z,S1G Beacon,129,34,-60,920,3,1,,,,,,,0,0
159,2026-07-03T15:43:49.105144000Z,S1G Beacon,129,34,-50,920,3,1,,,,,,,0,1
160,2026-07-03T15:43:49.532006000Z,S1G Beacon,61,34,-59,920,3,1,,,,,,,0,0
161,2026-07-03T15:43:49.922554000Z,S1G Beacon,61,34,-51,920,3,1,,,,,,,0,1
162,2026-07-03T15:43:50.353035000Z,S1G Beacon,129,34,-59,920,3,1,,,,,,,0,0
163,2026-07-03T15:43:50.743595000Z,S1G Beacon,129,34,-51,920,3,1,,,,,,,0,1
167,2026-07-03T15:43:51.015602000Z,QoS Data,112,34,-8,920,2,8,1,0,0,0,0,0,720,0
169,2026-07-03T15:43:51.018029000Z,QoS Data,112,34,-62,920,2,8,0,0,0,0,0,0,720,0
171,2026-07-03T15:43:51.170460000Z,S1G Beacon,61,34,-60,920,3,1,,,,,,,0,0
172,2026-07-03T15:43:51.561005000Z,S1G Beacon,61,34,-53,920,3,1,,,,,,,0,1
174,2026-07-03T15:43:51.991484000Z,S1G Beacon,129,34,-59,920,3,1,,,,,,,0,0
175,2026-07-03T15:43:52.382029000Z,S1G Beacon,129,34,-51,920,3,1,,,,,,,0,1
176,2026-07-03T15:43:52.808910000Z,S1G Beacon,61,34,-59,920,3,1,,,,,,,0,0
177,2026-07-03T15:43:53.199447000Z,S1G Beacon,61,34,-53,920,3,1,,,,,,,0,1
178,2026-07-03T15:43:53.629941000Z,S1G Beacon,129,34,-60,920,3,1,,,,,,,0,0
181,2026-07-03T15:43:54.020471000Z,S1G Beacon,129,34,-55,920,3,1,,,,,,,0,1
182,2026-07-03T15:43:54.447362000Z,S1G Beacon,61,34,-59,920,3,1,,,,,,,0,0
183,2026-07-03T15:43:54.837898000Z,S1G Beacon,61,34,-53,920,3,1,,,,,,,0,1
184,2026-07-03T15:43:55.268384000Z,S1G Beacon,129,34,-61,920,3,1,,,,,,,0,0
185,2026-07-03T15:43:55.658938000Z,S1G Beacon,129,34,-53,920,3,1,,,,,,,0,1
186,2026-07-03T15:43:55.897161000Z,QoS Data,132,34,-8,920,2,8,1,0,1,0,0,0,720,0
189,2026-07-03T15:43:55.906406000Z,QoS Data,115,34,-27,920,2,8,1,0,0,0,0,0,720,0
192,2026-07-03T15:43:56.015653000Z,QoS Data,112,34,-7,920,2,8,1,0,0,0,0,0,720,0
195,2026-07-03T15:43:56.085810000Z,S1G Beacon,61,34,-58,920,3,1,,,,,,,0,0
196,2026-07-03T15:43:56.476343000Z,S1G Beacon,61,34,-52,920,3,1,,,,,,,0,1
197,2026-07-03T15:43:56.906845000Z,S1G Beacon,129,34,-60,920,3,1,,,,,,,0,0
199,2026-07-03T15:43:57.297369000Z,S1G Beacon,129,34,-53,920,3,1,,,,,,,0,1
200,2026-07-03T15:43:57.724261000Z,S1G Beacon,61,34,-61,920,3,1,,,,,,,0,0
201,2026-07-03T15:43:58.114780000Z,S1G Beacon,61,34,-53,920,3,1,,,,,,,0,1
202,2026-07-03T15:43:58.545287000Z,S1G Beacon,129,34,-63,920,3,1,,,,,,,0,0
203,2026-07-03T15:43:58.935811000Z,S1G Beacon,129,34,-53,920,3,1,,,,,,,0,1
204,2026-07-03T15:43:59.362705000Z,S1G Beacon,61,34,-63,920,3,1,,,,,,,0,0
205,2026-07-03T15:43:59.753251000Z,S1G Beacon,61,34,-54,920,3,1,,,,,,,0,1
207,2026-07-03T15:44:00.183737000Z,S1G Beacon,129,34,-60,920,3,1,,,,,,,0,0
208,2026-07-03T15:44:00.574253000Z,S1G Beacon,129,34,-54,920,3,1,,,,,,,0,1
209,2026-07-03T15:44:00.923084000Z,QoS Data,132,34,-13,920,2,8,1,0,0,0,0,0,720,0
212,2026-07-03T15:44:00.934040000Z,QoS Data,115,34,-26,920,2,8,1,0,0,0,0,0,720,0
215,2026-07-03T15:44:01.001152000Z,S1G Beacon,61,34,-59,920,3,1,,,,,,,0,0
216,2026-07-03T15:44:01.015709000Z,QoS Data,112,34,-12,920,2,8,1,0,0,0,0,0,720,0
219,2026-07-03T15:44:01.391670000Z,S1G Beacon,61,34,-53,920,3,1,,,,,,,0,1
220,2026-07-03T15:44:01.822189000Z,S1G Beacon,129,34,-60,920,3,1,,,,,,,0,0
221,2026-07-03T15:44:02.212702000Z,S1G Beacon,129,34,-54,920,3,1,,,,,,,0,1
222,2026-07-03T15:44:02.639602000Z,S1G Beacon,61,34,-60,920,3,1,,,,,,,0,0
224,2026-07-03T15:44:03.460634000Z,S1G Beacon,129,34,-61,920,3,1,,,,,,,0,0
225,2026-07-03T15:44:03.851145000Z,S1G Beacon,129,34,-54,920,3,1,,,,,,,0,1
226,2026-07-03T15:44:04.278055000Z,S1G Beacon,61,34,-59,920,3,1,,,,,,,0,0
227,2026-07-03T15:44:04.668567000Z,S1G Beacon,61,34,-54,920,3,1,,,,,,,0,1
231,2026-07-03T15:44:05.099090000Z,S1G Beacon,129,34,-59,920,3,1,,,,,,,0,0
236,2026-07-03T15:44:05.489595000Z,S1G Beacon,129,34,-54,920,3,1,,,,,,,0,1
241,2026-07-03T15:44:05.916501000Z,S1G Beacon,61,34,-60,920,3,1,,,,,,,0,0
243,2026-07-03T15:44:05.982312000Z,QoS Data,132,34,-15,920,2,8,1,0,0,0,0,0,720,0
245,2026-07-03T15:44:05.984658000Z,QoS Data,132,34,-63,920,2,8,0,0,0,0,0,0,720,0
248,2026-07-03T15:44:06.015567000Z,QoS Data,112,34,-13,920,2,8,1,0,0,0,0,0,720,0
253,2026-07-03T15:44:06.307017000Z,S1G Beacon,61,34,-52,920,3,1,,,,,,,0,1
254,2026-07-03T15:44:06.737537000Z,S1G Beacon,129,34,-59,920,3,1,,,,,,,0,0
255,2026-07-03T15:44:07.128041000Z,S1G Beacon,129,34,-54,920,3,1,,,,,,,0,1
256,2026-07-03T15:44:07.554951000Z,S1G Beacon,61,34,-61,920,3,1,,,,,,,0,0
257,2026-07-03T15:44:07.945457000Z,S1G Beacon,61,34,-53,920,3,1,,,,,,,0,1
258,2026-07-03T15:44:08.375979000Z,S1G Beacon,129,34,-60,920,3,1,,,,,,,0,0
259,2026-07-03T15:44:08.766494000Z,S1G Beacon,129,34,-55,920,3,1,,,,,,,0,1
261,2026-07-03T15:44:09.193403000Z,S1G Beacon,61,34,-60,920,3,1,,,,,,,0,0
262,2026-07-03T15:44:09.583900000Z,S1G Beacon,61,34,-53,920,3,1,,,,,,,0,1
263,2026-07-03T15:44:10.014427000Z,S1G Beacon,129,34,-59,920,3,1,,,,,,,0,0
264,2026-07-03T15:44:10.404930000Z,S1G Beacon,129,34,-53,920,3,1,,,,,,,0,1
265,2026-07-03T15:44:10.831850000Z,S1G Beacon,61,34,-61,920,3,1,,,,,,,0,0
266,2026-07-03T15:44:11.002710000Z,QoS Data,132,34,-15,920,2,8,1,0,0,0,0,0,720,0
268,2026-07-03T15:44:11.004849000Z,QoS Data,132,34,-61,920,2,8,0,0,0,0,0,0,720,0
271,2026-07-03T15:44:11.222361000Z,S1G Beacon,61,34,-52,920,3,1,,,,,,,0,1
272,2026-07-03T15:44:11.265139000Z,QoS Data,112,34,-14,920,2,8,1,0,0,0,0,0,720,0
274,2026-07-03T15:44:11.267570000Z,QoS Data,112,34,-63,920,2,8,0,0,0,0,0,0,720,0
276,2026-07-03T15:44:11.652880000Z,S1G Beacon,129,34,-59,920,3,1,,,,,,,0,0
277,2026-07-03T15:44:12.043368000Z,S1G Beacon,129,34,-53,920,3,1,,,,,,,0,1
279,2026-07-03T15:44:12.470301000Z,S1G Beacon,61,34,-58,920,3,1,,,,,,,0,0
280,2026-07-03T15:44:12.860784000Z,S1G Beacon,61,34,-52,920,3,1,,,,,,,0,1
282,2026-07-03T15:44:13.291339000Z,S1G Beacon,129,34,-60,920,3,1,,,,,,,0,0
283,2026-07-03T15:44:13.681819000Z,S1G Beacon,129,34,-52,920,3,1,,,,,,,0,1
284,2026-07-03T15:44:14.108755000Z,S1G Beacon,61,34,-58,920,3,1,,,,,,,0,0
285,2026-07-03T15:44:14.499235000Z,S1G Beacon,61,34,-53,920,3,1,,,,,,,0,1
286,2026-07-03T15:44:14.929786000Z,S1G Beacon,129,34,-60,920,3,1,,,,,,,0,0
288,2026-07-03T15:44:15.320260000Z,S1G Beacon,129,34,-54,920,3,1,,,,,,,0,1
289,2026-07-03T15:44:15.747210000Z,S1G Beacon,61,34,-59,920,3,1,,,,,,,0,0
290,2026-07-03T15:44:16.032731000Z,QoS Data,132,34,-15,920,2,8,1,0,0,0,0,0,720,0
292,2026-07-03T15:44:16.035495000Z,QoS Data,132,34,-63,920,2,8,0,0,0,0,0,0,720,0
295,2026-07-03T15:44:16.137721000Z,S1G Beacon,61,34,-54,920,3,1,,,,,,,0,1
296,2026-07-03T15:44:16.265136000Z,QoS Data,112,34,-14,920,2,8,1,0,0,0,0,0,720,0
298,2026-07-03T15:44:16.267139000Z,QoS Data,112,34,-62,920,2,8,0,0,0,0,0,0,720,0
300,2026-07-03T15:44:16.568242000Z,S1G Beacon,129,34,-60,920,3,1,,,,,,,0,0
301,2026-07-03T15:44:16.958713000Z,S1G Beacon,129,34,-53,920,3,1,,,,,,,0,1
303,2026-07-03T15:44:17.385648000Z,S1G Beacon,61,34,-59,920,3,1,,,,,,,0,0
304,2026-07-03T15:44:17.776134000Z,S1G Beacon,61,34,-54,920,3,1,,,,,,,0,1
306,2026-07-03T15:44:18.206678000Z,S1G Beacon,129,34,-59,920,3,1,,,,,,,0,0
308,2026-07-03T15:44:18.597159000Z,S1G Beacon,129,34,-53,920,3,1,,,,,,,0,1
310,2026-07-03T15:44:19.024097000Z,S1G Beacon,61,34,-59,920,3,1,,,,,,,0,0
311,2026-07-03T15:44:19.845128000Z,S1G Beacon,129,34,-59,920,3,1,,,,,,,0,0
312,2026-07-03T15:44:20.235599000Z,S1G Beacon,129,34,-53,920,3,1,,,,,,,0,1
313,2026-07-03T15:44:20.662546000Z,S1G Beacon,61,34,-61,920,3,1,,,,,,,0,0
314,2026-07-03T15:44:21.052676000Z,QoS Data,132,34,-14,920,2,8,1,0,0,0,0,0,720,0
316,2026-07-03T15:44:21.055144000Z,S1G Beacon,61,34,-54,920,3,1,,,,,,,0,1
320,2026-07-03T15:44:21.265438000Z,QoS Data,112,34,-14,920,2,8,1,0,0,0,0,0,720,0
323,2026-07-03T15:44:21.483575000Z,S1G Beacon,129,34,-60,920,3,1,,,,,,,0,0
324,2026-07-03T15:44:21.874041000Z,S1G Beacon,129,34,-53,920,3,1,,,,,,,0,1
325,2026-07-03T15:44:22.300998000Z,S1G Beacon,61,34,-61,920,3,1,,,,,,,0,0
326,2026-07-03T15:44:22.691462000Z,S1G Beacon,61,34,-54,920,3,1,,,,,,,0,1
327,2026-07-03T15:44:23.122024000Z,S1G Beacon,129,34,-59,920,3,1,,,,,,,0,0
328,2026-07-03T15:44:23.512488000Z,S1G Beacon,129,34,-54,920,3,1,,,,,,,0,1
329,2026-07-03T15:44:23.939448000Z,S1G Beacon,61,34,-59,920,3,1,,,,,,,0,0
331,2026-07-03T15:44:24.329906000Z,S1G Beacon,61,34,-55,920,3,1,,,,,,,0,1
332,2026-07-03T15:44:24.760477000Z,S1G Beacon,129,34,-60,920,3,1,,,,,,,0,0
333,2026-07-03T15:44:25.150931000Z,S1G Beacon,129,34,-54,920,3,1,,,,,,,0,1
334,2026-07-03T15:44:25.577901000Z,S1G Beacon,61,34,-59,920,3,1,,,,,,,0,0
337,2026-07-03T15:44:25.968357000Z,S1G Beacon,61,34,-52,920,3,1,,,,,,,0,1
340,2026-07-03T15:44:26.083796000Z,QoS Data,132,34,-14,920,2,8,1,0,0,0,0,0,720,0
346,2026-07-03T15:44:26.269166000Z,QoS Data,112,34,-14,920,2,8,1,0,1,0,0,0,720,0
350,2026-07-03T15:44:26.398930000Z,S1G Beacon,129,34,-60,920,3,1,,,,,,,0,0
358,2026-07-03T15:44:27.216347000Z,S1G Beacon,61,34,-59,920,3,1,,,,,,,0,0
360,2026-07-03T15:44:27.606800000Z,S1G Beacon,61,34,-53,920,3,1,,,,,,,0,1
361,2026-07-03T15:44:28.037380000Z,S1G Beacon,129,34,-59,920,3,1,,,,,,,0,0
362,2026-07-03T15:44:28.427830000Z,S1G Beacon,129,34,-53,920,3,1,,,,,,,0,1
363,2026-07-03T15:44:28.854796000Z,S1G Beacon,61,34,-60,920,3,1,,,,,,,0,0
364,2026-07-03T15:44:29.245242000Z,S1G Beacon,61,34,-52,920,3,1,,,,,,,0,1
365,2026-07-03T15:44:29.675823000Z,S1G Beacon,129,34,-58,920,3,1,,,,,,,0,0
366,2026-07-03T15:44:30.066272000Z,S1G Beacon,129,34,-52,920,3,1,,,,,,,0,1
367,2026-07-03T15:44:30.493248000Z,S1G Beacon,61,34,-59,920,3,1,,,,,,,0,0
368,2026-07-03T15:44:30.883691000Z,S1G Beacon,61,34,-53,920,3,1,,,,,,,0,1
369,2026-07-03T15:44:31.122503000Z,QoS Data,132,34,-14,920,2,8,1,0,0,0,0,0,720,0
373,2026-07-03T15:44:31.265142000Z,QoS Data,112,34,-14,920,2,8,1,0,0,0,0,0,720,0
376,2026-07-03T15:44:31.314269000Z,S1G Beacon,129,34,-59,920,3,1,,,,,,,0,0
377,2026-07-03T15:44:31.704730000Z,S1G Beacon,129,34,-52,920,3,1,,,,,,,0,1
378,2026-07-03T15:44:32.131713000Z,S1G Beacon,61,34,-60,920,3,1,,,,,,,0,0
380,2026-07-03T15:44:32.522148000Z,S1G Beacon,61,34,-54,920,3,1,,,,,,,0,1
381,2026-07-03T15:44:32.952742000Z,S1G Beacon,129,34,-60,920,3,1,,,,,,,0,0
383,2026-07-03T15:44:33.343174000Z,S1G Beacon,129,34,-53,920,3,1,,,,,,,0,1
384,2026-07-03T15:44:33.770159000Z,S1G Beacon,61,34,-59,920,3,1,,,,,,,0,0
385,2026-07-03T15:44:34.160595000Z,S1G Beacon,61,34,-53,920,3,1,,,,,,,0,1
386,2026-07-03T15:44:34.591183000Z,S1G Beacon,129,34,-59,920,3,1,,,,,,,0,0
387,2026-07-03T15:44:34.981621000Z,S1G Beacon,129,34,-53,920,3,1,,,,,,,0,1
388,2026-07-03T15:44:35.408606000Z,S1G Beacon,61,34,-60,920,3,1,,,,,,,0,0
389,2026-07-03T15:44:35.799034000Z,S1G Beacon,61,34,-53,920,3,1,,,,,,,0,1
390,2026-07-03T15:44:36.143093000Z,QoS Data,132,34,-15,920,2,8,1,0,0,0,0,0,720,0
394,2026-07-03T15:44:36.229626000Z,S1G Beacon,129,34,-60,920,3,1,,,,,,,0,0
395,2026-07-03T15:44:36.265547000Z,QoS Data,112,34,-14,920,2,8,1,0,0,0,0,0,720,0
399,2026-07-03T15:44:36.620046000Z,S1G Beacon,129,34,-54,920,3,1,,,,,,,0,1
400,2026-07-03T15:44:37.047039000Z,S1G Beacon,61,34,-59,920,3,1,,,,,,,0,0
401,2026-07-03T15:44:37.437475000Z,S1G Beacon,61,34,-53,920,3,1,,,,,,,0,1
402,2026-07-03T15:44:37.868076000Z,S1G Beacon,129,34,-59,920,3,1,,,,,,,0,0
403,2026-07-03T15:44:38.258497000Z,S1G Beacon,129,34,-53,920,3,1,,,,,,,0,1
404,2026-07-03T15:44:38.685504000Z,S1G Beacon,61,34,-59,920,3,1,,,,,,,0,0
405,2026-07-03T15:44:39.075925000Z,S1G Beacon,61,34,-53,920,3,1,,,,,,,0,1
407,2026-07-03T15:44:39.506516000Z,S1G Beacon,129,34,-60,920,3,1,,,,,,,0,0
408,2026-07-03T15:44:39.896938000Z,S1G Beacon,129,34,-52,920,3,1,,,,,,,0,1
409,2026-07-03T15:44:40.323945000Z,S1G Beacon,61,34,-60,920,3,1,,,,,,,0,0
410,2026-07-03T15:44:40.714361000Z,S1G Beacon,61,34,-54,920,3,1,,,,,,,0,1
411,2026-07-03T15:44:41.144970000Z,S1G Beacon,129,34,-59,920,3,1,,,,,,,0,0
412,2026-07-03T15:44:41.163153000Z,QoS Data,132,34,-13,920,2,8,1,0,0,0,0,0,720,0
416,2026-07-03T15:44:41.269069000Z,QoS Data,112,34,-14,920,2,8,1,0,1,0,0,0,720,0
419,2026-07-03T15:44:41.535386000Z,S1G Beacon,129,34,-52,920,3,1,,,,,,,0,1
420,2026-07-03T15:44:41.962395000Z,S1G Beacon,61,34,-61,920,3,1,,,,,,,0,0
423,2026-07-03T15:44:42.352812000Z,S1G Beacon,61,34,-52,920,3,1,,,,,,,0,1
424,2026-07-03T15:44:42.783424000Z,S1G Beacon,129,34,-60,920,3,1,,,,,,,0,0
425,2026-07-03T15:44:43.173837000Z,S1G Beacon,129,34,-54,920,3,1,,,,,,,0,1
426,2026-07-03T15:44:43.600843000Z,S1G Beacon,61,34,-60,920,3,1,,,,,,,0,0
427,2026-07-03T15:44:43.991245000Z,S1G Beacon,61,34,-55,920,3,1,,,,,,,0,1
428,2026-07-03T15:44:44.421864000Z,S1G Beacon,129,34,-60,920,3,1,,,,,,,0,0
429,2026-07-03T15:44:44.812284000Z,S1G Beacon,129,34,-54,920,3,1,,,,,,,0,1
430,2026-07-03T15:44:45.239292000Z,S1G Beacon,61,34,-61,920,3,1,,,,,,,0,0
433,2026-07-03T15:44:45.629698000Z,S1G Beacon,61,34,-54,920,3,1,,,,,,,0,1
434,2026-07-03T15:44:46.060324000Z,S1G Beacon,129,34,-60,920,3,1,,,,,,,0,0
435,2026-07-03T15:44:46.183175000Z,QoS Data,132,34,-14,920,2,8,1,0,0,0,0,0,720,0
438,2026-07-03T15:44:46.195281000Z,QoS Data,115,34,-23,920,2,8,1,0,1,0,0,0,720,0
440,2026-07-03T15:44:46.222154000Z,QoS Data,115,34,-63,920,2,8,0,0,1,0,0,0,720,0
441,2026-07-03T15:44:46.233865000Z,QoS Data,115,34,-63,920,2,8,0,0,1,0,0,0,720,0
443,2026-07-03T15:44:46.265668000Z,QoS Data,112,34,-14,920,2,8,1,0,0,0,0,0,720,0
446,2026-07-03T15:44:46.450727000Z,S1G Beacon,129,34,-52,920,3,1,,,,,,,0,1
449,2026-07-03T15:44:46.877742000Z,S1G Beacon,61,34,-60,920,3,1,,,,,,,0,0
454,2026-07-03T15:44:47.268149000Z,S1G Beacon,61,34,-53,920,3,1,,,,,,,0,1
459,2026-07-03T15:44:47.698771000Z,S1G Beacon,129,34,-60,920,3,1,,,,,,,0,0
464,2026-07-03T15:44:48.089754000Z,S1G Beacon,129,34,-52,920,3,1,,,,,,,0,1
467,2026-07-03T15:44:48.516191000Z,S1G Beacon,61,34,-59,920,3,1,,,,,,,0,0
468,2026-07-03T15:44:48.906587000Z,S1G Beacon,61,34,-54,920,3,1,,,,,,,0,1
469,2026-07-03T15:44:49.337218000Z,S1G Beacon,129,34,-61,920,3,1,,,,,,,0,0
470,2026-07-03T15:44:49.727614000Z,S1G Beacon,129,34,-54,920,3,1,,,,,,,0,1
471,2026-07-03T15:44:50.154637000Z,S1G Beacon,61,34,-62,920,3,1,,,,,,,0,0
472,2026-07-03T15:44:50.545032000Z,S1G Beacon,61,34,-54,920,3,1,,,,,,,0,1
473,2026-07-03T15:44:50.975680000Z,S1G Beacon,129,34,-61,920,3,1,,,,,,,0,0
474,2026-07-03T15:44:51.243091000Z,QoS Data,132,34,-13,920,2,8,1,0,0,0,0,0,720,0
478,2026-07-03T15:44:51.265240000Z,QoS Data,112,34,-14,920,2,8,1,0,0,0,0,0,720,0
481,2026-07-03T15:44:51.366056000Z,S1G Beacon,129,34,-54,920,3,1,,,,,,,0,1
483,2026-07-03T15:44:51.793607000Z,S1G Beacon,61,34,-61,920,3,1,,,,,,,0,0
484,2026-07-03T15:44:52.183476000Z,S1G Beacon,61,34,-53,920,3,1,,,,,,,0,1
485,2026-07-03T15:44:52.614118000Z,S1G Beacon,129,34,-62,920,3,1,,,,,,,0,0
486,2026-07-03T15:44:53.004500000Z,S1G Beacon,129,34,-54,920,3,1,,,,,,,0,1
487,2026-07-03T15:44:53.431536000Z,S1G Beacon,61,34,-59,920,3,1,,,,,,,0,0
488,2026-07-03T15:44:53.821937000Z,S1G Beacon,61,34,-53,920,3,1,,,,,,,0,1
490,2026-07-03T15:44:54.252562000Z,S1G Beacon,129,34,-64,920,3,1,,,,,,,0,0
492,2026-07-03T15:44:54.642949000Z,S1G Beacon,129,34,-54,920,3,1,,,,,,,0,1
494,2026-07-03T15:44:55.069988000Z,S1G Beacon,61,34,-63,920,3,1,,,,,,,0,0
495,2026-07-03T15:44:55.460368000Z,S1G Beacon,61,34,-53,920,3,1,,,,,,,0,1
496,2026-07-03T15:44:55.891025000Z,S1G Beacon,129,34,-64,920,3,1,,,,,,,0,0
497,2026-07-03T15:44:56.263125000Z,QoS Data,132,34,-15,920,2,8,1,0,0,0,0,0,720,0
499,2026-07-03T15:44:56.275296000Z,QoS Data,132,34,-65,920,2,8,0,0,1,0,0,0,720,0
500,2026-07-03T15:44:56.281398000Z,S1G Beacon,129,34,-53,920,3,1,,,,,,,0,1
501,2026-07-03T15:44:56.293895000Z,QoS Data,132,34,-64,920,2,8,0,0,1,0,0,0,720,0
502,2026-07-03T15:44:56.300895000Z,QoS Data,115,34,-27,920,2,8,1,0,0,0,0,0,720,0
504,2026-07-03T15:44:56.316315000Z,QoS Data,115,34,-64,920,2,8,0,0,1,0,0,0,720,0
506,2026-07-03T15:44:56.515706000Z,QoS Data,112,34,-14,920,2,8,1,0,0,0,0,0,720,0
508,2026-07-03T15:44:56.708438000Z,S1G Beacon,61,34,-62,920,3,1,,,,,,,0,0
509,2026-07-03T15:44:57.098826000Z,S1G Beacon,61,34,-53,920,3,1,,,,,,,0,1
511,2026-07-03T15:44:57.529465000Z,S1G Beacon,129,34,-62,920,3,1,,,,,,,0,0
512,2026-07-03T15:44:57.919843000Z,S1G Beacon,129,34,-51,920,3,1,,,,,,,0,1
513,2026-07-03T15:44:58.346894000Z,S1G Beacon,61,34,-62,920,3,1,,,,,,,0,0
514,2026-07-03T15:44:58.737257000Z,S1G Beacon,61,34,-52,920,3,1,,,,,,,0,1
516,2026-07-03T15:44:59.167913000Z,S1G Beacon,129,34,-60,920,3,1,,,,,,,0,0
517,2026-07-03T15:44:59.558289000Z,S1G Beacon,129,34,-51,920,3,1,,,,,,,0,1
518,2026-07-03T15:44:59.985342000Z,S1G Beacon,61,34,-61,920,3,1,,,,,,,0,0
519,2026-07-03T15:45:00.375699000Z,S1G Beacon,61,34,-53,920,3,1,,,,,,,0,1
521,2026-07-03T15:45:00.806364000Z,S1G Beacon,129,34,-62,920,3,1,,,,,,,0,0
522,2026-07-03T15:45:01.196728000Z,S1G Beacon,129,34,-53,920,3,1,,,,,,,0,1
523,2026-07-03T15:45:01.323145000Z,QoS Data,132,34,-15,920,2,8,1,0,0,0,0,0,720,0
525,2026-07-03T15:45:01.336584000Z,QoS Data,115,34,-25,920,2,8,1,0,0,0,0,0,720,0
526,2026-07-03T15:45:01.346882000Z,QoS Data,115,34,-24,920,2,8,1,0,1,0,0,0,720,0
527,2026-07-03T15:45:01.351881000Z,QoS Data,115,34,-24,920,2,8,1,0,1,0,0,0,720,0
528,2026-07-03T15:45:01.355998000Z,QoS Data,115,34,-23,920,2,8,1,0,1,0,0,0,720,0
531,2026-07-03T15:45:01.515705000Z,QoS Data,112,34,-16,920,2,8,1,0,0,0,0,0,720,0
534,2026-07-03T15:45:01.623785000Z,S1G Beacon,61,34,-65,920,3,1,,,,,,,0,0
535,2026-07-03T15:45:02.014150000Z,S1G Beacon,61,34,-53,920,3,1,,,,,,,0,1
536,2026-07-03T15:45:02.444813000Z,S1G Beacon,129,34,-62,920,3,1,,,,,,,0,0
537,2026-07-03T15:45:02.835194000Z,S1G Beacon,129,34,-52,920,3,1,,,,,,,0,1
538,2026-07-03T15:45:03.262238000Z,S1G Beacon,61,34,-62,920,3,1,,,,,,,0,0
540,2026-07-03T15:45:03.652593000Z,S1G Beacon,61,34,-52,920,3,1,,,,,,,0,1
541,2026-07-03T15:45:04.083266000Z,S1G Beacon,129,34,-62,920,3,1,,,,,,,0,0
542,2026-07-03T15:45:04.473625000Z,S1G Beacon,129,34,-53,920,3,1,,,,,,,0,1
543,2026-07-03T15:45:04.900679000Z,S1G Beacon,61,34,-62,920,3,1,,,,,,,0,0
544,2026-07-03T15:45:05.291039000Z,S1G Beacon,61,34,-54,920,3,1,,,,,,,0,1
546,2026-07-03T15:45:05.721714000Z,S1G Beacon,129,34,-63,920,3,1,,,,,,,0,0
548,2026-07-03T15:45:06.112060000Z,S1G Beacon,129,34,-54,920,3,1,,,,,,,0,1
549,2026-07-03T15:45:06.373171000Z,QoS Data,132,34,-15,920,2,8,1,0,0,0,0,0,720,0
550,2026-07-03T15:45:06.377571000Z,QoS Data,132,34,-15,920,2,8,1,0,1,0,0,0,720,0
553,2026-07-03T15:45:06.387287000Z,QoS Data,115,34,-28,920,2,8,1,0,0,0,0,0,720,0
554,2026-07-03T15:45:06.391077000Z,QoS Data,115,34,-28,920,2,8,1,0,1,0,0,0,720,0
555,2026-07-03T15:45:06.398361000Z,QoS Data,115,34,-24,920,2,8,1,0,1,0,0,0,720,0
556,2026-07-03T15:45:06.402635000Z,QoS Data,115,34,-25,920,2,8,1,0,1,0,0,0,720,0
557,2026-07-03T15:45:06.407014000Z,QoS Data,115,34,-24,920,2,8,1,0,1,0,0,0,720,0
559,2026-07-03T15:45:06.416860000Z,QoS Data,115,34,-65,920,2,8,0,0,1,0,0,0,720,0
561,2026-07-03T15:45:06.515750000Z,QoS Data,112,34,-14,920,2,8,1,0,0,0,0,0,720,0
564,2026-07-03T15:45:06.539129000Z,S1G Beacon,61,34,-63,920,3,1,,,,,,,0,0
566,2026-07-03T15:45:06.929485000Z,S1G Beacon,61,34,-53,920,3,1,,,,,,,0,1
567,2026-07-03T15:45:07.360173000Z,S1G Beacon,129,34,-63,920,3,1,,,,,,,0,0
568,2026-07-03T15:45:07.750507000Z,S1G Beacon,129,34,-53,920,3,1,,,,,,,0,1
574,2026-07-03T15:45:08.177581000Z,S1G Beacon,61,34,-62,920,3,1,,,,,,,0,0
579,2026-07-03T15:45:08.567924000Z,S1G Beacon,61,34,-52,920,3,1,,,,,,,0,1
586,2026-07-03T15:45:09.388959000Z,S1G Beacon,129,34,-54,920,3,1,,,,,,,0,1
588,2026-07-03T15:45:09.816030000Z,S1G Beacon,61,34,-61,920,3,1,,,,,,,0,0
589,2026-07-03T15:45:10.206387000Z,S1G Beacon,61,34,-52,920,3,1,,,,,,,0,1
590,2026-07-03T15:45:10.637061000Z,S1G Beacon,129,34,-59,920,3,1,,,,,,,0,0
591,2026-07-03T15:45:11.027397000Z,S1G Beacon,129,34,-54,920,3,1,,,,,,,0,1
592,2026-07-03T15:45:11.423177000Z,QoS Data,132,34,-10,920,2,8,1,0,0,0,0,0,720,0
595,2026-07-03T15:45:11.433865000Z,QoS Data,115,34,-20,920,2,8,1,0,0,0,0,0,720,0
597,2026-07-03T15:45:11.435884000Z,QoS Data,115,34,-63,920,2,8,0,0,0,0,0,0,720,0
599,2026-07-03T15:45:11.454480000Z,S1G Beacon,61,34,-60,920,3,1,,,,,,,0,0
600,2026-07-03T15:45:11.515689000Z,QoS Data,112,34,-10,920,2,8,1,0,0,0,0,0,720,0
602,2026-07-03T15:45:11.517985000Z,QoS Data,112,34,-63,920,2,8,0,0,0,0,0,0,720,0
604,2026-07-03T15:45:11.844820000Z,S1G Beacon,61,34,-54,920,3,1,,,,,,,0,1
605,2026-07-03T15:45:12.275508000Z,S1G Beacon,129,34,-60,920,3,1,,,,,,,0,0
607,2026-07-03T15:45:12.665844000Z,S1G Beacon,129,34,-53,920,3,1,,,,,,,0,1
608,2026-07-03T15:45:13.092931000Z,S1G Beacon,61,34,-59,920,3,1,,,,,,,0,0
609,2026-07-03T15:45:13.483263000Z,S1G Beacon,61,34,-53,920,3,1,,,,,,,0,1
610,2026-07-03T15:45:13.764851000Z,QoS Data,72,34,-13,920,2,8,1,0,0,0,0,0,720,0
612,2026-07-03T15:45:13.913956000Z,S1G Beacon,129,34,-59,920,3,1,,,,,,,0,0
613,2026-07-03T15:45:14.304288000Z,S1G Beacon,129,34,-53,920,3,1,,,,,,,0,1
614,2026-07-03T15:45:14.731386000Z,S1G Beacon,61,34,-59,920,3,1,,,,,,,0,0
615,2026-07-03T15:45:15.121714000Z,S1G Beacon,61,34,-54,920,3,1,,,,,,,0,1
617,2026-07-03T15:45:15.552407000Z,S1G Beacon,129,34,-59,920,3,1,,,,,,,0,0
619,2026-07-03T15:45:15.942739000Z,S1G Beacon,129,34,-54,920,3,1,,,,,,,0,1
620,2026-07-03T15:45:16.369863000Z,S1G Beacon,61,34,-58,920,3,1,,,,,,,0,0
621,2026-07-03T15:45:16.443197000Z,QoS Data,132,34,-13,920,2,8,1,0,0,0,0,0,720,0
626,2026-07-03T15:45:16.519584000Z,QoS Data,112,34,-13,920,2,8,1,0,1,0,0,0,720,0
628,2026-07-03T15:45:16.521727000Z,QoS Data,112,34,-63,920,2,8,0,0,0,0,0,0,720,0
630,2026-07-03T15:45:16.760167000Z,S1G Beacon,61,34,-54,920,3,1,,,,,,,0,1
631,2026-07-03T15:45:17.191012000Z,S1G Beacon,129,34,-60,920,3,1,,,,,,,0,0
632,2026-07-03T15:45:17.581189000Z,S1G Beacon,129,34,-54,920,3,1,,,,,,,0,1
633,2026-07-03T15:45:18.008288000Z,S1G Beacon,61,34,-60,920,3,1,,,,,,,0,0
634,2026-07-03T15:45:18.398606000Z,S1G Beacon,61,34,-54,920,3,1,,,,,,,0,1
636,2026-07-03T15:45:18.829316000Z,S1G Beacon,129,34,-59,920,3,1,,,,,,,0,0
637,2026-07-03T15:45:19.646726000Z,S1G Beacon,61,34,-59,920,3,1,,,,,,,0,0
638,2026-07-03T15:45:20.037048000Z,S1G Beacon,61,34,-55,920,3,1,,,,,,,0,1
639,2026-07-03T15:45:20.467759000Z,S1G Beacon,129,34,-58,920,3,1,,,,,,,0,0
640,2026-07-03T15:45:20.858105000Z,S1G Beacon,129,34,-53,920,3,1,,,,,,,0,1
642,2026-07-03T15:45:21.285181000Z,S1G Beacon,61,34,-60,920,3,1,,,,,,,0,0
643,2026-07-03T15:45:21.472784000Z,QoS Data,132,34,-13,920,2,8,1,0,0,0,0,0,720,0
647,2026-07-03T15:45:21.515248000Z,QoS Data,112,34,-13,920,2,8,1,0,0,0,0,0,720,0
651,2026-07-03T15:45:21.675496000Z,S1G Beacon,61,34,-53,920,3,1,,,,,,,0,1
652,2026-07-03T15:45:22.106217000Z,S1G Beacon,129,34,-59,920,3,1,,,,,,,0,0
654,2026-07-03T15:45:22.496517000Z,S1G Beacon,129,34,-55,920,3,1,,,,,,,0,1
655,2026-07-03T15:45:22.923636000Z,S1G Beacon,61,34,-60,920,3,1,,,,,,,0,0
656,2026-07-03T15:45:23.313944000Z,S1G Beacon,61,34,-53,920,3,1,,,,,,,0,1
657,2026-07-03T15:45:23.744661000Z,S1G Beacon,129,34,-59,920,3,1,,,,,,,0,0
658,2026-07-03T15:45:24.134973000Z,S1G Beacon,129,34,-53,920,3,1,,,,,,,0,1
659,2026-07-03T15:45:24.562083000Z,S1G Beacon,61,34,-61,920,3,1,,,,,,,0,0
661,2026-07-03T15:45:24.952386000Z,S1G Beacon,61,34,-53,920,3,1,,,,,,,0,1
662,2026-07-03T15:45:25.383114000Z,S1G Beacon,129,34,-59,920,3,1,,,,,,,0,0
664,2026-07-03T15:45:25.773414000Z,S1G Beacon,129,34,-55,920,3,1,,,,,,,0,1
666,2026-07-03T15:45:26.200528000Z,S1G Beacon,61,34,-60,920,3,1,,,,,,,0,0
667,2026-07-03T15:45:26.492779000Z,QoS Data,132,34,-14,920,2,8,1,0,0,0,0,0,720,0
670,2026-07-03T15:45:26.502305000Z,QoS Data,115,34,-29,920,2,8,1,0,0,0,0,0,720,0
673,2026-07-03T15:45:26.515313000Z,QoS Data,112,34,-12,920,2,8,1,0,0,0,0,0,720,0
676,2026-07-03T15:45:26.590833000Z,S1G Beacon,61,34,-53,920,3,1,,,,,,,0,1
677,2026-07-03T15:45:27.021566000Z,S1G Beacon,129,34,-61,920,3,1,,,,,,,0,0
678,2026-07-03T15:45:27.411860000Z,S1G Beacon,129,34,-54,920,3,1,,,,,,,0,1
680,2026-07-03T15:45:27.838987000Z,S1G Beacon,61,34,-58,920,3,1,,,,,,,0,0
681,2026-07-03T15:45:28.229285000Z,S1G Beacon,61,34,-52,920,3,1,,,,,,,0,1
682,2026-07-03T15:45:28.660006000Z,S1G Beacon,129,34,-60,920,3,1,,,,,,,0,0
686,2026-07-03T15:45:29.050302000Z,S1G Beacon,129,34,-53,920,3,1,,,,,,,0,1
691,2026-07-03T15:45:29.477422000Z,S1G Beacon,61,34,-59,920,3,1,,,,,,,0,0
695,2026-07-03T15:45:29.867715000Z,S1G Beacon,61,34,-51,920,3,1,,,,,,,0,1
699,2026-07-03T15:45:30.298450000Z,S1G Beacon,129,34,-60,920,3,1,,,,,,,0,0
700,2026-07-03T15:45:30.688743000Z,S1G Beacon,129,34,-51,920,3,1,,,,,,,0,1
702,2026-07-03T15:45:31.115873000Z,S1G Beacon,61,34,-59,920,3,1,,,,,,,0,0
703,2026-07-03T15:45:31.506163000Z,S1G Beacon,61,34,-53,920,3,1,,,,,,,0,1
704,2026-07-03T15:45:31.513373000Z,QoS Data,132,34,-9,920,2,8,1,0,0,0,0,0,720,0
705,2026-07-03T15:45:31.517201000Z,QoS Data,132,34,-8,920,2,8,1,0,1,0,0,0,720,0
708,2026-07-03T15:45:31.526683000Z,QoS Data,115,34,-15,920,2,8,1,0,0,0,0,0,720,0
712,2026-07-03T15:45:31.936899000Z,S1G Beacon,129,34,-60,920,3,1,,,,,,,0,0
713,2026-07-03T15:45:32.327189000Z,S1G Beacon,129,34,-51,920,3,1,,,,,,,0,1
714,2026-07-03T15:45:32.754322000Z,S1G Beacon,61,34,-60,920,3,1,,,,,,,0,0
715,2026-07-03T15:45:33.144609000Z,S1G Beacon,61,34,-52,920,3,1,,,,,,,0,1
716,2026-07-03T15:45:33.575353000Z,S1G Beacon,129,34,-59,920,3,1,,,,,,,0,0
718,2026-07-03T15:45:33.965630000Z,S1G Beacon,129,34,-52,920,3,1,,,,,,,0,1
719,2026-07-03T15:45:34.392769000Z,S1G Beacon,61,34,-60,920,3,1,,,,,,,0,0
721,2026-07-03T15:45:34.783081000Z,S1G Beacon,61,34,-50,920,3,1,,,,,,,0,1
722,2026-07-03T15:45:35.213808000Z,S1G Beacon,129,34,-60,920,3,1,,,,,,,0,0
723,2026-07-03T15:45:35.604093000Z,S1G Beacon,129,34,-51,920,3,1,,,,,,,0,1
724,2026-07-03T15:45:36.031226000Z,S1G Beacon,61,34,-60,920,3,1,,,,,,,0,0
725,2026-07-03T15:45:36.421516000Z,S1G Beacon,61,34,-54,920,3,1,,,,,,,0,1
726,2026-07-03T15:45:36.542815000Z,QoS Data,132,34,-9,920,2,8,1,0,0,0,0,0,720,0
727,2026-07-03T15:45:36.546855000Z,QoS Data,132,34,-10,920,2,8,1,0,1,0,0,0,720,0
730,2026-07-03T15:45:36.556325000Z,QoS Data,115,34,-13,920,2,8,1,0,0,0,0,0,720,0
733,2026-07-03T15:45:36.765258000Z,QoS Data,112,34,-9,920,2,8,1,0,0,0,0,0,720,0
737,2026-07-03T15:45:36.852254000Z,S1G Beacon,129,34,-58,920,3,1,,,,,,,0,0
738,2026-07-03T15:45:37.242531000Z,S1G Beacon,129,34,-52,920,3,1,,,,,,,0,1
740,2026-07-03T15:45:38.059949000Z,S1G Beacon,61,34,-51,920,3,1,,,,,,,0,1
741,2026-07-03T15:45:38.490711000Z,S1G Beacon,129,34,-59,920,3,1,,,,,,,0,0
742,2026-07-03T15:45:38.880996000Z,S1G Beacon,129,34,-51,920,3,1,,,,,,,0,1
743,2026-07-03T15:45:39.308125000Z,S1G Beacon,61,34,-58,920,3,1,,,,,,,0,0
745,2026-07-03T15:45:39.698391000Z,S1G Beacon,61,34,-51,920,3,1,,,,,,,0,1
747,2026-07-03T15:45:40.129158000Z,S1G Beacon,129,34,-58,920,3,1,,,,,,,0,0
748,2026-07-03T15:45:40.519421000Z,S1G Beacon,129,34,-52,920,3,1,,,,,,,0,1
749,2026-07-03T15:45:40.946581000Z,S1G Beacon,61,34,-59,920,3,1,,,,,,,0,0
750,2026-07-03T15:45:41.336833000Z,S1G Beacon,61,34,-51,920,3,1,,,,,,,0,1
751,2026-07-03T15:45:41.588599000Z,QoS Data,132,34,-9,920,2,8,1,0,0,0,0,0,720,0
754,2026-07-03T15:45:41.598660000Z,QoS Data,115,34,-15,920,2,8,1,0,0,0,0,0,720,0
757,2026-07-03T15:45:41.767598000Z,S1G Beacon,129,34,-59,920,3,1,,,,,,,0,0
759,2026-07-03T15:45:42.157861000Z,S1G Beacon,129,34,-52,920,3,1,,,,,,,0,1
760,2026-07-03T15:45:42.585849000Z,S1G Beacon,61,34,-59,920,3,1,,,,,,,0,0
762,2026-07-03T15:45:42.975273000Z,S1G Beacon,61,34,-51,920,3,1,,,,,,,0,1
763,2026-07-03T15:45:43.406045000Z,S1G Beacon,129,34,-59,920,3,1,,,,,,,0,0
764,2026-07-03T15:45:43.796315000Z,S1G Beacon,129,34,-51,920,3,1,,,,,,,0,1
765,2026-07-03T15:45:44.223480000Z,S1G Beacon,61,34,-60,920,3,1,,,,,,,0,0
766,2026-07-03T15:45:44.613719000Z,S1G Beacon,61,34,-53,920,3,1,,,,,,,0,1
767,2026-07-03T15:45:45.044499000Z,S1G Beacon,129,34,-61,920,3,1,,,,,,,0,0
768,2026-07-03T15:45:45.434748000Z,S1G Beacon,129,34,-53,920,3,1,,,,,,,0,1
770,2026-07-03T15:45:45.861914000Z,S1G Beacon,61,34,-59,920,3,1,,,,,,,0,0
771,2026-07-03T15:45:46.252191000Z,S1G Beacon,61,34,-53,920,3,1,,,,,,,0,1
772,2026-07-03T15:45:46.613366000Z,QoS Data,132,34,-9,920,2,8,1,0,0,0,0,0,720,0
775,2026-07-03T15:45:46.622793000Z,QoS Data,115,34,-14,920,2,8,1,0,0,0,0,0,720,0
777,2026-07-03T15:45:46.642255000Z,QoS Data,115,34,-62,920,2,8,0,0,1,0,0,0,720,0
779,2026-07-03T15:45:46.682944000Z,S1G Beacon,129,34,-58,920,3,1,,,,,,,0,0
781,2026-07-03T15:45:46.765648000Z,QoS Data,112,34,-9,920,2,8,1,0,0,0,0,0,720,0
784,2026-07-03T15:45:47.073202000Z,S1G Beacon,129,34,-52,920,3,1,,,,,,,0,1
785,2026-07-03T15:45:47.500369000Z,S1G Beacon,61,34,-59,920,3,1,,,,,,,0,0
786,2026-07-03T15:45:47.890628000Z,S1G Beacon,61,34,-51,920,3,1,,,,,,,0,1
787,2026-07-03T15:45:48.321401000Z,S1G Beacon,129,34,-60,920,3,1,,,,,,,0,0
788,2026-07-03T15:45:48.711644000Z,S1G Beacon,129,34,-51,920,3,1,,,,,,,0,1
790,2026-07-03T15:45:49.138818000Z,S1G Beacon,61,34,-59,920,3,1,,,,,,,0,0
791,2026-07-03T15:45:49.529061000Z,S1G Beacon,61,34,-52,920,3,1,,,,,,,0,1
794,2026-07-03T15:45:49.959847000Z,S1G Beacon,129,34,-59,920,3,1,,,,,,,0,0
798,2026-07-03T15:45:50.350085000Z,S1G Beacon,129,34,-51,920,3,1,,,,,,,0,1
802,2026-07-03T15:45:50.777261000Z,S1G Beacon,61,34,-60,920,3,1,,,,,,,0,0
806,2026-07-03T15:45:51.167505000Z,S1G Beacon,61,34,-51,920,3,1,,,,,,,0,1
807,2026-07-03T15:45:51.598292000Z,S1G Beacon,129,34,-60,920,3,1,,,,,,,0,0
808,2026-07-03T15:45:51.653243000Z,QoS Data,132,34,-11,920,2,8,1,0,0,0,0,0,720,0
811,2026-07-03T15:45:51.662999000Z,QoS Data,115,34,-14,920,2,8,1,0,0,0,0,0,720,0
813,2026-07-03T15:45:51.665119000Z,QoS Data,115,34,-62,920,2,8,0,0,0,0,0,0,720,0
815,2026-07-03T15:45:51.765669000Z,QoS Data,112,34,-11,920,2,8,1,0,0,0,0,0,720,0
818,2026-07-03T15:45:51.988530000Z,S1G Beacon,129,34,-53,920,3,1,,,,,,,0,1
819,2026-07-03T15:45:52.415718000Z,S1G Beacon,61,34,-60,920,3,1,,,,,,,0,0
820,2026-07-03T15:45:52.805950000Z,S1G Beacon,61,34,-51,920,3,1,,,,,,,0,1
821,2026-07-03T15:45:53.236743000Z,S1G Beacon,129,34,-61,920,3,1,,,,,,,0,0
823,2026-07-03T15:45:53.626972000Z,S1G Beacon,129,34,-51,920,3,1,,,,,,,0,1
824,2026-07-03T15:45:54.054169000Z,S1G Beacon,61,34,-59,920,3,1,,,,,,,0,0
825,2026-07-03T15:45:54.444397000Z,S1G Beacon,61,34,-51,920,3,1,,,,,,,0,1
826,2026-07-03T15:45:54.875194000Z,S1G Beacon,129,34,-59,920,3,1,,,,,,,0,0
828,2026-07-03T15:45:55.265424000Z,S1G Beacon,129,34,-52,920,3,1,,,,,,,0,1
829,2026-07-03T15:45:55.692609000Z,S1G Beacon,61,34,-60,920,3,1,,,,,,,0,0
830,2026-07-03T15:45:56.082844000Z,S1G Beacon,61,34,-51,920,3,1,,,,,,,0,1
831,2026-07-03T15:45:56.513643000Z,S1G Beacon,129,34,-60,920,3,1,,,,,,,0,0
832,2026-07-03T15:45:56.673235000Z,QoS Data,132,34,-9,920,2,8,1,0,0,0,0,0,720,0
835,2026-07-03T15:45:56.682313000Z,QoS Data,115,34,-15,920,2,8,1,0,0,0,0,0,720,0
838,2026-07-03T15:45:56.765672000Z,QoS Data,112,34,-10,920,2,8,1,0,0,0,0,0,720,0
841,2026-07-03T15:45:56.903866000Z,S1G Beacon,129,34,-52,920,3,1,,,,,,,0,1
842,2026-07-03T15:45:57.331066000Z,S1G Beacon,61,34,-58,920,3,1,,,,,,,0,0
843,2026-07-03T15:45:57.721289000Z,S1G Beacon,61,34,-51,920,3,1,,,,,,,0,1
846,2026-07-03T15:45:58.152095000Z,S1G Beacon,129,34,-59,920,3,1,,,,,,,0,0
848,2026-07-03T15:45:58.542315000Z,S1G Beacon,129,34,-53,920,3,1,,,,,,,0,1
850,2026-07-03T15:45:58.969512000Z,S1G Beacon,61,34,-59,920,3,1,,,,,,,0,0
851,2026-07-03T15:45:59.359748000Z,S1G Beacon,61,34,-52,920,3,1,,,,,,,0,1
852,2026-07-03T15:45:59.790546000Z,S1G Beacon,129,34,-58,920,3,1,,,,,,,0,0
853,2026-07-03T15:46:00.180767000Z,S1G Beacon,129,34,-52,920,3,1,,,,,,,0,1
854,2026-07-03T15:46:00.607966000Z,S1G Beacon,61,34,-59,920,3,1,,,,,,,0,0
856,2026-07-03T15:46:00.998173000Z,S1G Beacon,61,34,-51,920,3,1,,,,,,,0,1
857,2026-07-03T15:46:01.429009000Z,S1G Beacon,129,34,-59,920,3,1,,,,,,,0,0
858,2026-07-03T15:46:01.692833000Z,QoS Data,132,34,-9,920,2,8,1,0,0,0,0,0,720,0
860,2026-07-03T15:46:01.695390000Z,QoS Data,132,34,-64,920,2,8,0,0,0,0,0,0,720,0
862,2026-07-03T15:46:01.701270000Z,QoS Data,112,34,-15,920,2,8,1,0,0,0,0,0,720,0
864,2026-07-03T15:46:01.709094000Z,QoS Data,115,34,-15,920,2,8,1,0,1,0,0,0,720,0
868,2026-07-03T15:46:01.765753000Z,QoS Data,112,34,-8,920,2,8,1,0,0,0,0,0,720,0
871,2026-07-03T15:46:01.819197000Z,S1G Beacon,129,34,-51,920,3,1,,,,,,,0,1
872,2026-07-03T15:46:02.246412000Z,S1G Beacon,61,34,-59,920,3,1,,,,,,,0,0
873,2026-07-03T15:46:02.636626000Z,S1G Beacon,61,34,-51,920,3,1,,,,,,,0,1
874,2026-07-03T15:46:03.067444000Z,S1G Beacon,129,34,-59,920,3,1,,,,,,,0,0
875,2026-07-03T15:46:03.457647000Z,S1G Beacon,129,34,-52,920,3,1,,,,,,,0,1
876,2026-07-03T15:46:03.884864000Z,S1G Beacon,61,34,-59,920,3,1,,,,,,,0,0
878,2026-07-03T15:46:04.705891000Z,S1G Beacon,129,34,-58,920,3,1,,,,,,,0,0
879,2026-07-03T15:46:05.096092000Z,S1G Beacon,129,34,-51,920,3,1,,,,,,,0,1
880,2026-07-03T15:46:05.913516000Z,S1G Beacon,61,34,-51,920,3,1,,,,,,,0,1
881,2026-07-03T15:46:06.344340000Z,S1G Beacon,129,34,-59,920,3,1,,,,,,,0,0
882,2026-07-03T15:46:06.723209000Z,QoS Data,132,34,-10,920,2,8,1,0,0,0,0,0,720,0
885,2026-07-03T15:46:06.734535000Z,S1G Beacon,129,34,-51,920,3,1,,,,,,,0,1
886,2026-07-03T15:46:06.735834000Z,QoS Data,115,34,-16,920,2,8,1,0,0,0,0,0,720,0
889,2026-07-03T15:46:06.765675000Z,QoS Data,112,34,-9,920,2,8,1,0,0,0,0,0,720,0
893,2026-07-03T15:46:07.161753000Z,S1G Beacon,61,34,-59,920,3,1,,,,,,,0,0
894,2026-07-03T15:46:07.551956000Z,S1G Beacon,61,34,-51,920,3,1,,,,,,,0,1
895,2026-07-03T15:46:07.982794000Z,S1G Beacon,129,34,-59,920,3,1,,,,,,,0,0
896,2026-07-03T15:46:08.372980000Z,S1G Beacon,129,34,-53,920,3,1,,,,,,,0,1
897,2026-07-03T15:46:08.800215000Z,S1G Beacon,61,34,-59,920,3,1,,,,,,,0,0
900,2026-07-03T15:46:09.190410000Z,S1G Beacon,61,34,-51,920,3,1,,,,,,,0,1
901,2026-07-03T15:46:09.621241000Z,S1G Beacon,129,34,-59,920,3,1,,,,,,,0,0
902,2026-07-03T15:46:10.011434000Z,S1G Beacon,129,34,-51,920,3,1,,,,,,,0,1
904,2026-07-03T15:46:10.438655000Z,S1G Beacon,61,34,-59,920,3,1,,,,,,,0,0
905,2026-07-03T15:46:10.828852000Z,S1G Beacon,61,34,-51,920,3,1,,,,,,,0,1
910,2026-07-03T15:46:11.259682000Z,S1G Beacon,129,34,-60,920,3,1,,,,,,,0,0
915,2026-07-03T15:46:11.649880000Z,S1G Beacon,129,34,-51,920,3,1,,,,,,,0,1
917,2026-07-03T15:46:11.743232000Z,QoS Data,132,34,-10,920,2,8,1,0,0,0,0,0,720,0
920,2026-07-03T15:46:11.752685000Z,QoS Data,112,34,-16,920,2,8,1,0,0,0,0,0,720,0
921,2026-07-03T15:46:11.755623000Z,QoS Data,120,42,-16,920,2,8,1,0,1,0,0,0,720,0
922,2026-07-03T15:46:11.755769000Z,QoS Data,123,42,-16,920,2,8,1,0,0,0,0,0,720,0
929,2026-07-03T15:46:12.015687000Z,QoS Data,112,34,-8,920,2,8,1,0,0,0,0,0,720,0
932,2026-07-03T15:46:12.077107000Z,S1G Beacon,61,34,-59,920,3,1,,,,,,,0,0
934,2026-07-03T15:46:12.467297000Z,S1G Beacon,61,34,-51,920,3,1,,,,,,,0,1
935,2026-07-03T15:46:12.898149000Z,S1G Beacon,129,34,-60,920,3,1,,,,,,,0,0
937,2026-07-03T15:46:13.288320000Z,S1G Beacon,129,34,-50,920,3,1,,,,,,,0,1
938,2026-07-03T15:46:13.715556000Z,S1G Beacon,61,34,-60,920,3,1,,,,,,,0,0
939,2026-07-03T15:46:14.105743000Z,S1G Beacon,61,34,-52,920,3,1,,,,,,,0,1
940,2026-07-03T15:46:14.536590000Z,S1G Beacon,129,34,-59,920,3,1,,,,,,,0,0
941,2026-07-03T15:46:14.926785000Z,S1G Beacon,129,34,-51,920,3,1,,,,,,,0,1
942,2026-07-03T15:46:15.354012000Z,S1G Beacon,61,34,-59,920,3,1,,,,,,,0,0
943,2026-07-03T15:46:15.744190000Z,S1G Beacon,61,34,-51,920,3,1,,,,,,,0,1
945,2026-07-03T15:46:16.175080000Z,S1G Beacon,129,34,-58,920,3,1,,,,,,,0,0
946,2026-07-03T15:46:16.565219000Z,S1G Beacon,129,34,-52,920,3,1,,,,,,,0,1
947,2026-07-03T15:46:16.773319000Z,QoS Data,132,34,-10,920,2,8,1,0,0,0,0,0,720,0
950,2026-07-03T15:46:16.786312000Z,QoS Data,115,34,-17,920,2,8,1,0,1,0,0,0,720,0
951,2026-07-03T15:46:16.791328000Z,RTS,54,34,-13,920,1,11,,,,0,0,0,2416,0
953,2026-07-03T15:46:16.793020000Z,QoS Data,115,34,-16,920,2,8,1,0,1,0,0,0,720,0
956,2026-07-03T15:46:16.992586000Z,S1G Beacon,61,34,-61,920,3,1,,,,,,,0,0
957,2026-07-03T15:46:17.015757000Z,QoS Data,112,34,-10,920,2,8,1,0,0,0,0,0,720,0
960,2026-07-03T15:46:17.382630000Z,S1G Beacon,61,34,-51,920,3,1,,,,,,,0,1
961,2026-07-03T15:46:17.813489000Z,S1G Beacon,129,34,-60,920,3,1,,,,,,,0,0
962,2026-07-03T15:46:18.203666000Z,S1G Beacon,129,34,-50,920,3,1,,,,,,,0,1
964,2026-07-03T15:46:18.630912000Z,S1G Beacon,61,34,-60,920,3,1,,,,,,,0,0
965,2026-07-03T15:46:19.021085000Z,S1G Beacon,61,34,-52,920,3,1,,,,,,,0,1
968,2026-07-03T15:46:19.451940000Z,S1G Beacon,129,34,-60,920,3,1,,,,,,,0,0
969,2026-07-03T15:46:19.842108000Z,S1G Beacon,129,34,-54,920,3,1,,,,,,,0,1
970,2026-07-03T15:46:20.269359000Z,S1G Beacon,61,34,-59,920,3,1,,,,,,,0,0
971,2026-07-03T15:46:20.659522000Z,S1G Beacon,61,34,-53,920,3,1,,,,,,,0,1
972,2026-07-03T15:46:21.090395000Z,S1G Beacon,129,34,-60,920,3,1,,,,,,,0,0
973,2026-07-03T15:46:21.480557000Z,S1G Beacon,129,34,-51,920,3,1,,,,,,,0,1
974,2026-07-03T15:46:21.803243000Z,QoS Data,132,34,-10,920,2,8,1,0,0,0,0,0,720,0
977,2026-07-03T15:46:21.815146000Z,QoS Data,115,34,-16,920,2,8,1,0,1,0,0,0,720,0
980,2026-07-03T15:46:21.907802000Z,S1G Beacon,61,34,-60,920,3,1,,,,,,,0,0
981,2026-07-03T15:46:22.015752000Z,QoS Data,112,34,-9,920,2,8,1,0,0,0,0,0,720,0
985,2026-07-03T15:46:22.297968000Z,S1G Beacon,61,34,-51,920,3,1,,,,,,,0,1
986,2026-07-03T15:46:22.728836000Z,S1G Beacon,129,34,-59,920,3,1,,,,,,,0,0
987,2026-07-03T15:46:23.118991000Z,S1G Beacon,129,34,-51,920,3,1,,,,,,,0,1
988,2026-07-03T15:46:23.546254000Z,S1G Beacon,61,34,-60,920,3,1,,,,,,,0,0
990,2026-07-03T15:46:23.936416000Z,S1G Beacon,61,34,-51,920,3,1,,,,,,,0,1
991,2026-07-03T15:46:24.367294000Z,S1G Beacon,129,34,-59,920,3,1,,,,,,,0,0
992,2026-07-03T15:46:24.757438000Z,S1G Beacon,129,34,-52,920,3,1,,,,,,,0,1
994,2026-07-03T15:46:25.184707000Z,S1G Beacon,61,34,-58,920,3,1,,,,,,,0,0
996,2026-07-03T15:46:25.574857000Z,S1G Beacon,61,34,-53,920,3,1,,,,,,,0,1
997,2026-07-03T15:46:26.005735000Z,S1G Beacon,129,34,-60,920,3,1,,,,,,,0,0
999,2026-07-03T15:46:26.395885000Z,S1G Beacon,129,34,-51,920,3,1,,,,,,,0,1
1000,2026-07-03T15:46:26.823156000Z,S1G Beacon,61,34,-60,920,3,1,,,,,,,0,0
1001,2026-07-03T15:46:26.833403000Z,QoS Data,132,34,-8,920,2,8,1,0,0,0,0,0,720,0
1004,2026-07-03T15:46:26.842810000Z,QoS Data,115,34,-14,920,2,8,1,0,0,0,0,0,720,0
1005,2026-07-03T15:46:26.846806000Z,QoS Data,115,34,-14,920,2,8,1,0,1,0,0,0,720,0
1008,2026-07-03T15:46:27.015360000Z,QoS Data,112,34,-9,920,2,8,1,0,0,0,0,0,720,0
1011,2026-07-03T15:46:27.213303000Z,S1G Beacon,61,34,-51,920,3,1,,,,,,,0,1
1012,2026-07-03T15:46:27.644186000Z,S1G Beacon,129,34,-60,920,3,1,,,,,,,0,0
1013,2026-07-03T15:46:28.034323000Z,S1G Beacon,129,34,-51,920,3,1,,,,,,,0,1
1015,2026-07-03T15:46:28.461614000Z,S1G Beacon,61,34,-60,920,3,1,,,,,,,0,0
1016,2026-07-03T15:46:28.851752000Z,S1G Beacon,61,34,-52,920,3,1,,,,,,,0,1
1017,2026-07-03T15:46:29.282646000Z,S1G Beacon,129,34,-61,920,3,1,,,,,,,0,0
1018,2026-07-03T15:46:29.672779000Z,S1G Beacon,129,34,-53,920,3,1,,,,,,,0,1
1020,2026-07-03T15:46:30.100054000Z,S1G Beacon,61,34,-59,920,3,1,,,,,,,0,0
1021,2026-07-03T15:46:30.490192000Z,S1G Beacon,61,34,-51,920,3,1,,,,,,,0,1
1022,2026-07-03T15:46:30.921082000Z,S1G Beacon,129,34,-59,920,3,1,,,,,,,0,0
1024,2026-07-03T15:46:31.311223000Z,S1G Beacon,129,34,-53,920,3,1,,,,,,,0,1
1025,2026-07-03T15:46:31.738505000Z,S1G Beacon,61,34,-60,920,3,1,,,,,,,0,0
1027,2026-07-03T15:46:31.863057000Z,QoS Data,132,34,-10,920,2,8,1,0,0,0,0,0,720,0
1030,2026-07-03T15:46:31.872552000Z,QoS Data,115,34,-13,920,2,8,1,0,0,0,0,0,720,0
1034,2026-07-03T15:46:32.015232000Z,QoS Data,112,34,-9,920,2,8,1,0,0,0,0,0,720,0
1038,2026-07-03T15:46:32.128635000Z,S1G Beacon,61,34,-53,920,3,1,,,,,,,0,1
1043,2026-07-03T15:46:32.559528000Z,S1G Beacon,129,34,-60,920,3,1,,,,,,,0,0
1047,2026-07-03T15:46:32.949664000Z,S1G Beacon,129,34,-52,920,3,1,,,,,,,0,1
1050,2026-07-03T15:46:33.376954000Z,S1G Beacon,61,34,-59,920,3,1,,,,,,,0,0
1051,2026-07-03T15:46:33.767082000Z,S1G Beacon,61,34,-51,920,3,1,,,,,,,0,1
1053,2026-07-03T15:46:34.197977000Z,S1G Beacon,129,34,-60,920,3,1,,,,,,,0,0
1055,2026-07-03T15:46:34.417374000Z,Deauthentication,64,34,-53,920,0,12,0,0,0,0,0,0,0,0
1056,2026-07-03T15:46:34.588110000Z,S1G Beacon,129,34,-52,920,3,1,,,,,,,0,1
1057,2026-07-03T15:46:35.015401000Z,S1G Beacon,61,34,-60,920,3,1,,,,,,,0,0
1058,2026-07-03T15:46:35.405530000Z,S1G Beacon,61,34,-52,920,3,1,,,,,,,0,1
1059,2026-07-03T15:46:35.836433000Z,S1G Beacon,129,34,-62,920,3,1,,,,,,,0,0
1060,2026-07-03T15:46:36.226585000Z,S1G Beacon,129,34,-52,920,3,1,,,,,,,0,1
1061,2026-07-03T15:46:36.653851000Z,S1G Beacon,61,34,-61,920,3,1,,,,,,,0,0
1062,2026-07-03T15:46:36.943313000Z,Probe Request,81,34,-12,920,0,4,0,0,0,0,0,0,0,0
1063,2026-07-03T15:46:36.964262000Z,Probe Response,168,34,-60,920,0,5,0,0,1,0,0,0,720,0
1065,2026-07-03T15:46:36.969660000Z,Probe Response,161,34,-51,920,0,5,0,0,1,0,0,0,720,1
1067,2026-07-03T15:46:37.043974000Z,S1G Beacon,61,34,-51,920,3,1,,,,,,,0,1
1069,2026-07-03T15:46:37.474880000Z,S1G Beacon,129,34,-59,920,3,1,,,,,,,0,0
1070,2026-07-03T15:46:37.865014000Z,S1G Beacon,129,34,-52,920,3,1,,,,,,,0,1
1071,2026-07-03T15:46:38.682422000Z,S1G Beacon,61,34,-52,920,3,1,,,,,,,0,1
1072,2026-07-03T15:46:39.503465000Z,S1G Beacon,129,34,-52,920,3,1,,,,,,,0,1
1073,2026-07-03T15:46:39.783078000Z,Authentication,68,34,-12,920,0,11,0,0,0,0,0,0,720,1
1075,2026-07-03T15:46:39.785794000Z,Authentication,68,34,-51,920,0,11,0,0,0,0,0,0,720,1
1077,2026-07-03T15:46:39.804060000Z,Association Request,124,34,-12,920,0,0,0,0,0,0,0,0,720,1
1079,2026-07-03T15:46:39.810349000Z,Association Response,155,34,-51,920,0,1,0,0,0,0,0,0,720,1
1081,2026-07-03T15:46:39.840549000Z,Action,71,34,-13,920,0,13,0,0,0,0,0,0,720,1
1083,2026-07-03T15:46:39.843351000Z,Action,71,34,-52,920,0,13,0,0,0,0,0,0,720,1
1089,2026-07-03T15:46:39.930753000Z,S1G Beacon,61,34,-59,920,3,1,,,,,,,0,0
1093,2026-07-03T15:46:40.252369000Z,QoS Data,112,34,-19,920,2,8,1,0,0,0,0,0,720,1
1096,2026-07-03T15:46:40.320869000Z,S1G Beacon,61,34,-53,920,3,1,,,,,,,0,1
1097,2026-07-03T15:46:40.751783000Z,S1G Beacon,129,34,-59,920,3,1,,,,,,,0,0
1098,2026-07-03T15:46:41.141899000Z,S1G Beacon,129,34,-53,920,3,1,,,,,,,0,1
1099,2026-07-03T15:46:41.569195000Z,S1G Beacon,61,34,-60,920,3,1,,,,,,,0,0
1100,2026-07-03T15:46:41.752293000Z,QoS Data,112,34,-19,920,2,8,1,0,0,0,0,0,720,1
1102,2026-07-03T15:46:41.959316000Z,S1G Beacon,61,34,-51,920,3,1,,,,,,,0,1
1106,2026-07-03T15:46:42.390225000Z,S1G Beacon,129,34,-59,920,3,1,,,,,,,0,0
1107,2026-07-03T15:46:42.780336000Z,S1G Beacon,129,34,-53,920,3,1,,,,,,,0,1
1108,2026-07-03T15:46:43.207646000Z,S1G Beacon,61,34,-61,920,3,1,,,,,,,0,0
1110,2026-07-03T15:46:43.597754000Z,S1G Beacon,61,34,-52,920,3,1,,,,,,,0,1
1112,2026-07-03T15:46:44.028675000Z,S1G Beacon,129,34,-61,920,3,1,,,,,,,0,0
1113,2026-07-03T15:46:44.418783000Z,S1G Beacon,129,34,-51,920,3,1,,,,,,,0,1
1114,2026-07-03T15:46:44.752313000Z,QoS Data,112,34,-15,920,2,8,1,0,0,0,0,0,720,1
1116,2026-07-03T15:46:44.846111000Z,S1G Beacon,61,34,-59,920,3,1,,,,,,,0,0
1117,2026-07-03T15:46:45.236207000Z,S1G Beacon,61,34,-53,920,3,1,,,,,,,0,1
1118,2026-07-03T15:46:45.667125000Z,S1G Beacon,129,34,-59,920,3,1,,,,,,,0,0
1122,2026-07-03T15:46:46.057228000Z,S1G Beacon,129,34,-51,920,3,1,,,,,,,0,1
1124,2026-07-03T15:46:46.484550000Z,S1G Beacon,61,34,-59,920,3,1,,,,,,,0,0
1126,2026-07-03T15:46:46.874644000Z,S1G Beacon,61,34,-51,920,3,1,,,,,,,0,1
1127,2026-07-03T15:46:47.206993000Z,Probe Request,81,34,-8,920,0,4,0,0,0,0,0,0,0,0
1128,2026-07-03T15:46:47.212566000Z,Probe Response,161,34,-51,920,0,5,0,0,0,0,0,0,720,1
1130,2026-07-03T15:46:47.217912000Z,Probe Response,168,34,-59,920,0,5,0,0,0,0,0,0,720,0
1132,2026-07-03T15:46:47.305572000Z,S1G Beacon,129,34,-60,920,3,1,,,,,,,0,0
1133,2026-07-03T15:46:47.695669000Z,S1G Beacon,129,34,-52,920,3,1,,,,,,,0,1
1134,2026-07-03T15:46:48.122998000Z,S1G Beacon,61,34,-59,920,3,1,,,,,,,0,0
1135,2026-07-03T15:46:48.513095000Z,S1G Beacon,61,34,-52,920,3,1,,,,,,,0,1
1136,2026-07-03T15:46:48.944024000Z,S1G Beacon,129,34,-59,920,3,1,,,,,,,0,0
1137,2026-07-03T15:46:49.334120000Z,S1G Beacon,129,34,-51,920,3,1,,,,,,,0,1
1139,2026-07-03T15:46:49.761451000Z,S1G Beacon,61,34,-60,920,3,1,,,,,,,0,0
1143,2026-07-03T15:46:50.046382000Z,Authentication,68,34,-7,920,0,11,0,0,0,0,0,0,720,1
1145,2026-07-03T15:46:50.049153000Z,Authentication,68,34,-51,920,0,11,0,0,0,0,0,0,720,1
1147,2026-07-03T15:46:50.066936000Z,Association Request,124,34,-8,920,0,0,0,0,0,0,0,0,720,1
1149,2026-07-03T15:46:50.073388000Z,Association Response,155,34,-51,920,0,1,0,0,0,0,0,0,720,1
1151,2026-07-03T15:46:50.103328000Z,Action,71,34,-7,920,0,13,0,0,0,0,0,0,720,1
1156,2026-07-03T15:46:50.114932000Z,RTS,54,34,-7,920,1,11,,,,0,0,0,2380,0
1158,2026-07-03T15:46:50.119998000Z,RTS,54,34,-8,920,1,11,,,,0,0,0,2380,0
1161,2026-07-03T15:46:50.125067000Z,RTS,54,34,-7,920,1,11,,,,0,0,0,2380,0
1163,2026-07-03T15:46:50.130550000Z,RTS,54,34,-7,920,1,11,,,,0,0,0,2380,0
1165,2026-07-03T15:46:50.136087000Z,RTS,54,34,-9,920,1,11,,,,0,0,0,2452,0
1167,2026-07-03T15:46:50.140345000Z,RTS,54,34,-10,920,1,11,,,,0,0,0,2452,0
1171,2026-07-03T15:46:50.151539000Z,S1G Beacon,61,34,-51,920,3,1,,,,,,,0,1
1175,2026-07-03T15:46:50.514827000Z,QoS Data,132,34,-13,920,2,8,1,0,0,0,0,0,720,1
1177,2026-07-03T15:46:50.517157000Z,QoS Data,132,34,-57,920,2,8,0,0,0,0,0,0,720,1
1179,2026-07-03T15:46:50.522722000Z,QoS Data,112,34,-16,920,2,8,1,0,0,0,0,0,720,1
1181,2026-07-03T15:46:50.527780000Z,QoS Data,112,34,-59,920,2,8,0,0,1,0,0,0,720,1
1182,2026-07-03T15:46:50.531227000Z,QoS Data,112,34,-56,920,2,8,0,0,1,0,0,0,720,1
1184,2026-07-03T15:46:50.536547000Z,QoS Data,112,34,-15,920,2,8,1,0,0,0,0,0,720,1
1185,2026-07-03T15:46:50.538995000Z,Action,71,34,-52,920,0,13,0,0,0,0,0,0,720,1
1187,2026-07-03T15:46:50.542169000Z,QoS Data,112,34,-13,920,2,8,1,0,1,0,0,0,720,1
1189,2026-07-03T15:46:50.544969000Z,Action,71,34,-11,920,0,13,0,0,0,0,0,0,720,1
1191,2026-07-03T15:46:50.566227000Z,Action,71,34,-52,920,0,13,0,0,0,0,0,0,720,1
1193,2026-07-03T15:46:50.568201000Z,QoS Data,112,34,-58,920,2,8,0,0,0,0,0,0,720,1
1194,2026-07-03T15:46:50.571382000Z,Action,71,34,-7,920,0,13,0,0,0,0,0,0,720,1
1196,2026-07-03T15:46:50.573871000Z,QoS Data,112,34,-57,920,2,8,0,0,1,0,0,0,720,1
1197,2026-07-03T15:46:50.578773000Z,QoS Data,112,34,-55,920,2,8,0,0,1,0,0,0,720,1
1199,2026-07-03T15:46:50.583047000Z,S1G Beacon,129,34,-61,920,3,1,,,,,,,0,0
1200,2026-07-03T15:46:50.584822000Z,QoS Data,112,34,-17,920,2,8,1,0,0,0,0,0,720,1
1201,2026-07-03T15:46:50.587588000Z,QoS Data,112,34,-16,920,2,8,1,0,1,0,0,0,720,1
1203,2026-07-03T15:46:50.590022000Z,QoS Data,112,34,-57,920,2,8,0,0,0,0,0,0,720,1
1205,2026-07-03T15:46:50.972580000Z,S1G Beacon,129,34,-52,920,3,1,,,,,,,0,1
1206,2026-07-03T15:46:51.399905000Z,S1G Beacon,61,34,-60,920,3,1,,,,,,,0,0
1207,2026-07-03T15:46:51.789981000Z,S1G Beacon,61,34,-52,920,3,1,,,,,,,0,1
1208,2026-07-03T15:46:51.905096000Z,RTS,54,34,-7,920,1,11,,,,0,0,0,2524,0
1210,2026-07-03T15:46:51.909626000Z,RTS,54,34,-9,920,1,11,,,,0,0,0,2524,0
1212,2026-07-03T15:46:51.914939000Z,RTS,54,34,-7,920,1,11,,,,0,0,0,2848,0
1214,2026-07-03T15:46:51.917061000Z,QoS Data,116,34,-7,920,2,8,1,0,1,0,0,0,720,1
1216,2026-07-03T15:46:51.919244000Z,QoS Data,116,34,-55,920,2,8,0,0,0,0,0,0,720,1
1218,2026-07-03T15:46:51.924344000Z,QoS Data,116,34,-17,920,2,8,1,0,0,0,0,0,720,1
1220,2026-07-03T15:46:51.926985000Z,QoS Data,116,34,-56,920,2,8,0,0,0,0,0,0,720,1
1222,2026-07-03T15:46:51.933482000Z,QoS Data,112,34,-14,920,2,8,1,0,0,0,0,0,720,1
1223,2026-07-03T15:46:51.936820000Z,QoS Data,112,34,-13,920,2,8,1,0,1,0,0,0,720,1
1224,2026-07-03T15:46:51.940904000Z,RTS,54,34,-7,920,1,11,,,,0,0,0,2380,0
1226,2026-07-03T15:46:51.942565000Z,QoS Data,112,34,-12,920,2,8,1,0,1,0,0,0,720,1
1227,2026-07-03T15:46:51.945818000Z,RTS,54,34,-8,920,1,11,,,,0,0,0,2380,0
1229,2026-07-03T15:46:51.947477000Z,QoS Data,112,34,-13,920,2,8,1,0,1,0,0,0,720,1
1230,2026-07-03T15:46:51.950626000Z,RTS,54,34,-9,920,1,11,,,,0,0,0,2416,0
1232,2026-07-03T15:46:51.956039000Z,RTS,54,34,-7,920,1,11,,,,0,0,0,2416,0
1234,2026-07-03T15:46:51.961613000Z,RTS,54,34,-7,920,1,11,,,,0,0,0,2488,0
1236,2026-07-03T15:46:51.967256000Z,RTS,54,34,-8,920,1,11,,,,0,0,0,2488,0
1238,2026-07-03T15:46:52.163627000Z,QoS Data,132,34,-13,920,2,8,1,0,0,0,0,0,720,1
1239,2026-07-03T15:46:52.166060000Z,QoS Data,132,34,-13,920,2,8,1,0,1,0,0,0,720,1
1240,2026-07-03T15:46:52.169048000Z,RTS,54,34,-8,920,1,11,,,,0,0,0,2452,0
1242,2026-07-03T15:46:52.174603000Z,RTS,54,34,-8,920,1,11,,,,0,0,0,2452,0
1244,2026-07-03T15:46:52.178909000Z,RTS,54,34,-7,920,1,11,,,,0,0,0,2488,0
1246,2026-07-03T15:46:52.183306000Z,RTS,54,34,-7,920,1,11,,,,0,0,0,2488,0
1248,2026-07-03T15:46:52.188165000Z,RTS,54,34,-9,920,1,11,,,,0,0,0,2596,0
1250,2026-07-03T15:46:52.190042000Z,QoS Data,132,34,-10,920,2,8,1,0,1,0,0,0,720,1
1252,2026-07-03T15:46:52.220923000Z,S1G Beacon,129,34,-59,920,3,1,,,,,,,0,0
1253,2026-07-03T15:46:52.297597000Z,QoS Data,132,34,-56,920,2,8,0,0,0,0,0,0,720,1
1254,2026-07-03T15:46:52.301202000Z,QoS Data,132,34,-55,920,2,8,0,0,1,0,0,0,720,1
1256,2026-07-03T15:46:52.309675000Z,QoS Data,115,34,-18,920,2,8,1,0,0,0,0,0,720,1
1257,2026-07-03T15:46:52.313534000Z,QoS Data,115,34,-17,920,2,8,1,0,1,0,0,0,720,1
1258,2026-07-03T15:46:52.318185000Z,RTS,54,34,-12,920,1,11,,,,0,0,0,2416,0
1260,2026-07-03T15:46:52.319878000Z,QoS Data,115,34,-15,920,2,8,1,0,1,0,0,0,720,1
1262,2026-07-03T15:46:52.322423000Z,QoS Data,115,34,-56,920,2,8,0,0,0,0,0,0,720,1
1265,2026-07-03T15:46:52.395185000Z,QoS Data,112,34,-14,920,2,8,1,0,0,0,0,0,720,1
1266,2026-07-03T15:46:52.401512000Z,RTS,54,34,-9,920,1,11,,,,0,0,0,2380,0
1268,2026-07-03T15:46:52.407144000Z,RTS,54,34,-9,920,1,11,,,,0,0,0,2380,0
1270,2026-07-03T15:46:52.411277000Z,RTS,54,34,-8,920,1,11,,,,0,0,0,2416,0
1273,2026-07-03T15:46:52.415685000Z,QoS Data,112,34,-54,920,2,8,0,0,0,0,0,0,720,1
1275,2026-07-03T15:46:52.611012000Z,S1G Beacon,129,34,-53,920,3,1,,,,,,,0,1
1278,2026-07-03T15:46:53.038344000Z,S1G Beacon,61,34,-61,920,3,1,,,,,,,0,0
1283,2026-07-03T15:46:53.428432000Z,S1G Beacon,61,34,-51,920,3,1,,,,,,,0,1
1288,2026-07-03T15:46:53.859376000Z,S1G Beacon,129,34,-60,920,3,1,,,,,,,0,0
1292,2026-07-03T15:46:54.249453000Z,S1G Beacon,129,34,-53,920,3,1,,,,,,,0,1
1293,2026-07-03T15:46:54.676794000Z,S1G Beacon,61,34,-59,920,3,1,,,,,,,0,0
1294,2026-07-03T15:46:55.066876000Z,S1G Beacon,61,34,-51,920,3,1,,,,,,,0,1
1296,2026-07-03T15:46:55.497821000Z,S1G Beacon,129,34,-60,920,3,1,,,,,,,0,0
1297,2026-07-03T15:46:55.887896000Z,S1G Beacon,129,34,-52,920,3,1,,,,,,,0,1
1298,2026-07-03T15:46:56.315242000Z,S1G Beacon,61,34,-62,920,3,1,,,,,,,0,0
1299,2026-07-03T15:46:56.705323000Z,S1G Beacon,61,34,-52,920,3,1,,,,,,,0,1
1300,2026-07-03T15:46:57.136276000Z,S1G Beacon,129,34,-61,920,3,1,,,,,,,0,0
1301,2026-07-03T15:46:57.338008000Z,RTS,54,34,-9,920,1,11,,,,0,0,0,2596,0
1303,2026-07-03T15:46:57.342768000Z,RTS,54,34,-10,920,1,11,,,,0,0,0,2596,0
1305,2026-07-03T15:46:57.344643000Z,QoS Data,132,34,-11,920,2,8,1,0,1,0,0,0,720,1
1306,2026-07-03T15:46:57.347997000Z,RTS,54,34,-9,920,1,11,,,,0,0,0,2992,0
1308,2026-07-03T15:46:57.350265000Z,QoS Data,132,34,-10,920,2,8,1,0,1,0,0,0,720,1
1310,2026-07-03T15:46:57.352673000Z,QoS Data,132,34,-54,920,2,8,0,0,0,0,0,0,720,1
1312,2026-07-03T15:46:57.359226000Z,QoS Data,115,34,-18,920,2,8,1,0,0,0,0,0,720,1
1313,2026-07-03T15:46:57.362152000Z,QoS Data,115,34,-18,920,2,8,1,0,1,0,0,0,720,1
1314,2026-07-03T15:46:57.365976000Z,RTS,54,34,-13,920,1,11,,,,0,0,0,2416,0
1316,2026-07-03T15:46:57.367668000Z,QoS Data,115,34,-16,920,2,8,1,0,1,0,0,0,720,1
1317,2026-07-03T15:46:57.371599000Z,RTS,54,34,-13,920,1,11,,,,0,0,0,2416,0
1319,2026-07-03T15:46:57.373287000Z,QoS Data,115,34,-16,920,2,8,1,0,1,0,0,0,720,1
1320,2026-07-03T15:46:57.376285000Z,RTS,54,34,-13,920,1,11,,,,0,0,0,2416,0
1322,2026-07-03T15:46:57.377978000Z,QoS Data,115,34,-15,920,2,8,1,0,1,0,0,0,720,1
1323,2026-07-03T15:46:57.381857000Z,RTS,54,34,-14,920,1,11,,,,0,0,0,2416,0
1325,2026-07-03T15:46:57.383549000Z,QoS Data,115,34,-16,920,2,8,1,0,1,0,0,0,720,1
1326,2026-07-03T15:46:57.387057000Z,RTS,54,34,-13,920,1,11,,,,0,0,0,2524,0
1328,2026-07-03T15:46:57.388859000Z,QoS Data,115,34,-15,920,2,8,1,0,1,0,0,0,720,1
1329,2026-07-03T15:46:57.391698000Z,RTS,54,34,-13,920,1,11,,,,0,0,0,2524,0
1331,2026-07-03T15:46:57.393520000Z,QoS Data,115,34,-14,920,2,8,1,0,1,0,0,0,720,1
1332,2026-07-03T15:46:57.492098000Z,QoS Null,64,34,-13,920,2,12,1,0,0,0,0,0,720,1
1334,2026-07-03T15:46:57.526342000Z,S1G Beacon,129,34,-51,920,3,1,,,,,,,0,1
1338,2026-07-03T15:46:57.953696000Z,S1G Beacon,61,34,-61,920,3,1,,,,,,,0,0
1339,2026-07-03T15:46:58.343773000Z,S1G Beacon,61,34,-51,920,3,1,,,,,,,0,1
1341,2026-07-03T15:46:58.422150000Z,QoS Data,115,34,-19,920,2,8,1,0,0,0,0,0,720,1
1344,2026-07-03T15:46:58.529600000Z,QoS Data,115,34,-56,920,2,8,0,0,0,0,0,0,720,1
1345,2026-07-03T15:46:58.533281000Z,QoS Data,115,34,-58,920,2,8,0,0,1,0,0,0,720,1
1346,2026-07-03T15:46:58.536399000Z,QoS Data,115,34,-56,920,2,8,0,0,1,0,0,0,720,1
1348,2026-07-03T15:46:58.645741000Z,QoS Data,112,34,-9,920,2,8,1,0,0,0,0,0,720,1
1350,2026-07-03T15:46:58.648280000Z,QoS Data,112,34,-55,920,2,8,0,0,0,0,0,0,720,1
1352,2026-07-03T15:46:58.774721000Z,S1G Beacon,129,34,-61,920,3,1,,,,,,,0,0
1353,2026-07-03T15:46:59.164795000Z,S1G Beacon,129,34,-51,920,3,1,,,,,,,0,1
1354,2026-07-03T15:46:59.592145000Z,S1G Beacon,61,34,-60,920,3,1,,,,,,,0,0
1355,2026-07-03T15:46:59.982222000Z,S1G Beacon,61,34,-51,920,3,1,,,,,,,0,1
1356,2026-07-03T15:47:00.413177000Z,S1G Beacon,129,34,-60,920,3,1,,,,,,,0,0
1357,2026-07-03T15:47:00.803242000Z,S1G Beacon,129,34,-51,920,3,1,,,,,,,0,1
1358,2026-07-03T15:47:01.230594000Z,S1G Beacon,61,34,-60,920,3,1,,,,,,,0,0
1363,2026-07-03T15:47:01.620656000Z,S1G Beacon,61,34,-51,920,3,1,,,,,,,0,1
1364,2026-07-03T15:47:02.051624000Z,S1G Beacon,129,34,-59,920,3,1,,,,,,,0,0
1365,2026-07-03T15:47:02.441688000Z,S1G Beacon,129,34,-52,920,3,1,,,,,,,0,1
1366,2026-07-03T15:47:02.869062000Z,S1G Beacon,61,34,-59,920,3,1,,,,,,,0,0
1367,2026-07-03T15:47:03.259102000Z,S1G Beacon,61,34,-50,920,3,1,,,,,,,0,1
1368,2026-07-03T15:47:03.543194000Z,QoS Data,132,34,-10,920,2,8,1,0,0,0,0,0,720,1
1370,2026-07-03T15:47:03.545492000Z,QoS Data,132,34,-54,920,2,8,0,0,0,0,0,0,720,1
1372,2026-07-03T15:47:03.552582000Z,QoS Data,115,34,-18,920,2,8,1,0,0,0,0,0,720,1
1374,2026-07-03T15:47:03.555226000Z,QoS Data,115,34,-56,920,2,8,0,0,0,0,0,0,720,1
1376,2026-07-03T15:47:03.645745000Z,QoS Data,112,34,-10,920,2,8,1,0,0,0,0,0,720,1
1378,2026-07-03T15:47:03.648352000Z,QoS Data,112,34,-54,920,2,8,0,0,0,0,0,0,720,1
1380,2026-07-03T15:47:03.690065000Z,S1G Beacon,129,34,-58,920,3,1,,,,,,,0,0
1381,2026-07-03T15:47:04.080129000Z,S1G Beacon,129,34,-50,920,3,1,,,,,,,0,1
1383,2026-07-03T15:47:04.507493000Z,S1G Beacon,61,34,-59,920,3,1,,,,,,,0,0
1384,2026-07-03T15:47:04.897555000Z,S1G Beacon,61,34,-51,920,3,1,,,,,,,0,1
1385,2026-07-03T15:47:05.328517000Z,S1G Beacon,129,34,-60,920,3,1,,,,,,,0,0
1386,2026-07-03T15:47:05.718575000Z,S1G Beacon,129,34,-52,920,3,1,,,,,,,0,1
1387,2026-07-03T15:47:06.145946000Z,S1G Beacon,61,34,-59,920,3,1,,,,,,,0,0
1388,2026-07-03T15:47:06.535992000Z,S1G Beacon,61,34,-52,920,3,1,,,,,,,0,1
1390,2026-07-03T15:47:06.966973000Z,S1G Beacon,129,34,-60,920,3,1,,,,,,,0,0
1391,2026-07-03T15:47:07.357018000Z,S1G Beacon,129,34,-52,920,3,1,,,,,,,0,1
1393,2026-07-03T15:47:07.784390000Z,S1G Beacon,61,34,-59,920,3,1,,,,,,,0,0
1394,2026-07-03T15:47:08.174437000Z,S1G Beacon,61,34,-50,920,3,1,,,,,,,0,1
1395,2026-07-03T15:47:08.571880000Z,RTS,54,34,-9,920,1,11,,,,0,0,0,3080,0
1397,2026-07-03T15:47:08.574234000Z,QoS Data,132,34,-10,920,2,8,1,0,1,0,0,0,720,1
1399,2026-07-03T15:47:08.577060000Z,QoS Data,132,34,-55,920,2,8,0,0,0,0,0,0,720,1
1401,2026-07-03T15:47:08.583947000Z,QoS Data,115,34,-18,920,2,8,1,0,0,0,0,0,720,1
1403,2026-07-03T15:47:08.586072000Z,QoS Data,115,34,-55,920,2,8,0,0,0,0,0,0,720,1
1405,2026-07-03T15:47:08.605412000Z,S1G Beacon,129,34,-58,920,3,1,,,,,,,0,0
1406,2026-07-03T15:47:08.645744000Z,QoS Data,112,34,-9,920,2,8,1,0,0,0,0,0,720,1
1408,2026-07-03T15:47:08.648507000Z,QoS Data,112,34,-56,920,2,8,0,0,0,0,0,0,720,1
1411,2026-07-03T15:47:08.995465000Z,S1G Beacon,129,34,-52,920,3,1,,,,,,,0,1
1412,2026-07-03T15:47:09.422837000Z,S1G Beacon,61,34,-60,920,3,1,,,,,,,0,0
1413,2026-07-03T15:47:09.812888000Z,S1G Beacon,61,34,-52,920,3,1,,,,,,,0,1
1414,2026-07-03T15:47:10.243873000Z,S1G Beacon,129,34,-59,920,3,1,,,,,,,0,0
1417,2026-07-03T15:47:10.633910000Z,S1G Beacon,129,34,-51,920,3,1,,,,,,,0,1
1418,2026-07-03T15:47:11.061291000Z,S1G Beacon,61,34,-59,920,3,1,,,,,,,0,0
1419,2026-07-03T15:47:11.451332000Z,S1G Beacon,61,34,-51,920,3,1,,,,,,,0,1
1420,2026-07-03T15:47:11.882320000Z,S1G Beacon,129,34,-59,920,3,1,,,,,,,0,0
1421,2026-07-03T15:47:12.272365000Z,S1G Beacon,129,34,-51,920,3,1,,,,,,,0,1
1422,2026-07-03T15:47:12.699738000Z,S1G Beacon,61,34,-58,920,3,1,,,,,,,0,0
1423,2026-07-03T15:47:13.089778000Z,S1G Beacon,61,34,-52,920,3,1,,,,,,,0,1
1424,2026-07-03T15:47:13.520769000Z,S1G Beacon,129,34,-60,920,3,1,,,,,,,0,0
1427,2026-07-03T15:47:13.602118000Z,QoS Data,115,34,-18,920,2,8,1,0,0,0,0,0,720,1
1429,2026-07-03T15:47:13.604973000Z,QoS Data,115,34,-53,920,2,8,0,0,0,0,0,0,720,1
1431,2026-07-03T15:47:13.645764000Z,QoS Data,112,34,-9,920,2,8,1,0,0,0,0,0,720,1
1433,2026-07-03T15:47:13.648109000Z,QoS Data,112,34,-54,920,2,8,0,0,0,0,0,0,720,1
1436,2026-07-03T15:47:13.910796000Z,S1G Beacon,129,34,-51,920,3,1,,,,,,,0,1
1441,2026-07-03T15:47:14.338187000Z,S1G Beacon,61,34,-59,920,3,1,,,,,,,0,0
1446,2026-07-03T15:47:14.728221000Z,S1G Beacon,61,34,-50,920,3,1,,,,,,,0,1
1452,2026-07-03T15:47:15.159218000Z,S1G Beacon,129,34,-58,920,3,1,,,,,,,0,0
1453,2026-07-03T15:47:15.549250000Z,S1G Beacon,129,34,-51,920,3,1,,,,,,,0,1
1454,2026-07-03T15:47:15.976637000Z,S1G Beacon,61,34,-60,920,3,1,,,,,,,0,0
1455,2026-07-03T15:47:16.366686000Z,S1G Beacon,61,34,-51,920,3,1,,,,,,,0,1
1457,2026-07-03T15:47:16.797659000Z,S1G Beacon,129,34,-59,920,3,1,,,,,,,0,0
1458,2026-07-03T15:47:17.187691000Z,S1G Beacon,129,34,-53,920,3,1,,,,,,,0,1
1459,2026-07-03T15:47:17.615088000Z,S1G Beacon,61,34,-58,920,3,1,,,,,,,0,0
1460,2026-07-03T15:47:18.005114000Z,S1G Beacon,61,34,-51,920,3,1,,,,,,,0,1
1461,2026-07-03T15:47:18.436122000Z,S1G Beacon,129,34,-60,920,3,1,,,,,,,0,0
1463,2026-07-03T15:47:18.620949000Z,RTS,54,34,-10,920,1,11,,,,0,0,0,2992,0
1465,2026-07-03T15:47:18.623218000Z,QoS Data,132,34,-10,920,2,8,1,0,1,0,0,0,720,1
1467,2026-07-03T15:47:18.625831000Z,QoS Data,132,34,-54,920,2,8,0,0,0,0,0,0,720,1
1469,2026-07-03T15:47:18.632565000Z,QoS Data,115,34,-17,920,2,8,1,0,0,0,0,0,720,1
1471,2026-07-03T15:47:18.634691000Z,QoS Data,115,34,-54,920,2,8,0,0,0,0,0,0,720,1
1473,2026-07-03T15:47:18.645781000Z,QoS Data,112,34,-10,920,2,8,1,0,0,0,0,0,720,1
1475,2026-07-03T15:47:18.648444000Z,QoS Data,112,34,-54,920,2,8,0,0,0,0,0,0,720,1
1477,2026-07-03T15:47:18.826138000Z,S1G Beacon,129,34,-52,920,3,1,,,,,,,0,1
1478,2026-07-03T15:47:19.253536000Z,S1G Beacon,61,34,-60,920,3,1,,,,,,,0,0
1480,2026-07-03T15:47:19.643557000Z,S1G Beacon,61,34,-50,920,3,1,,,,,,,0,1
1482,2026-07-03T15:47:20.074572000Z,S1G Beacon,129,34,-59,920,3,1,,,,,,,0,0
1483,2026-07-03T15:47:20.464603000Z,S1G Beacon,129,34,-50,920,3,1,,,,,,,0,1
1485,2026-07-03T15:47:20.892074000Z,S1G Beacon,61,34,-60,920,3,1,,,,,,,0,0
1486,2026-07-03T15:47:21.282014000Z,S1G Beacon,61,34,-50,920,3,1,,,,,,,0,1
1487,2026-07-03T15:47:21.713032000Z,S1G Beacon,129,34,-58,920,3,1,,,,,,,0,0
1488,2026-07-03T15:47:22.103035000Z,S1G Beacon,129,34,-50,920,3,1,,,,,,,0,1
1489,2026-07-03T15:47:22.530452000Z,S1G Beacon,61,34,-59,920,3,1,,,,,,,0,0
1491,2026-07-03T15:47:22.920449000Z,S1G Beacon,61,34,-51,920,3,1,,,,,,,0,1
1492,2026-07-03T15:47:23.351467000Z,S1G Beacon,129,34,-59,920,3,1,,,,,,,0,0
1493,2026-07-03T15:47:23.642837000Z,QoS Data,132,34,-10,920,2,8,1,0,0,0,0,0,720,1
1495,2026-07-03T15:47:23.645391000Z,QoS Data,132,34,-54,920,2,8,0,0,0,0,0,0,720,1
1497,2026-07-03T15:47:23.655019000Z,QoS Data,115,34,-18,920,2,8,1,0,1,0,0,0,720,1
1499,2026-07-03T15:47:23.657766000Z,QoS Data,115,34,-54,920,2,8,0,0,0,0,0,0,720,1
1501,2026-07-03T15:47:23.741474000Z,S1G Beacon,129,34,-50,920,3,1,,,,,,,0,1
1502,2026-07-03T15:47:23.895322000Z,QoS Data,112,34,-10,920,2,8,1,0,0,0,0,0,720,1
1505,2026-07-03T15:47:24.168878000Z,S1G Beacon,61,34,-59,920,3,1,,,,,,,0,0
